sample_time,yield_strength,sl_no,heat_no,line_bar_no,billet_no,uts,uts_ys_ratio,elongation,carbon,manganese,silicon,phosphorus,sulfur,carbon_equivalent,L1_bar_temperature_mean,L1_bar_temperature_std,L1_Bite_Duration,Line_2_bar_temp_before_cooling_bed_mean,Line_2_bar_temp_before_cooling_bed_std,L2_Bite_Duration,STAND_1_ENTRY_BILLET_TEMPERATURE_mean,STAND_1_ENTRY_BILLET_TEMPERATURE_std,L2_bar_temperature_before_TB_mean,L2_bar_temperature_before_TB_std,STAND_18_EXIT_PYROMETER_mean,STAND_18_EXIT_PYROMETER_std,BAR_TEMPERATURE_ON_COOLING_BED_mean,BAR_TEMPERATURE_ON_COOLING_BED_std,Discharging_Pyrometer_mean,Discharging_Pyrometer_std,BACK_END_TEMP_OF_BILLET_mean,BACK_END_TEMP_OF_BILLET_std,FRONT_END_TEMP_OF_BILLET_mean,FRONT_END_TEMP_OF_BILLET_std,L1_WB12_Input_PressureFilt_Q_mean,L1_WB12_Input_PressureFilt_Q_std,L1_WB12_Out_PressureFilt_Q_mean,L1_WB12_Out_PressureFilt_Q_std,L1_WB34_Input_PressureFilt_Q_mean,L1_WB34_Input_PressureFilt_Q_std,L1_WB34_Out_PressureFilt_Q_mean,L1_WB34_Out_PressureFilt_Q_std,L1_WB12_Actual_Flow_Rate_Q_mean,L1_WB12_Actual_Flow_Rate_Q_std,L1_WB34_Actual_Flow_Rate_Q_mean,L1_WB34_Actual_Flow_Rate_Q_std,L2_WB34_Input_PressureFilt_Q_mean,L2_WB34_Input_PressureFilt_Q_std,L2_WB34_Output_PressureFilt_Q_mean,L2_WB34_Output_PressureFilt_Q_std,L2_WB12_Input_PressureFilt_Q_mean,L2_WB12_Input_PressureFilt_Q_std,L2_WB12__ActualFlowRate_Q_mean,L2_WB12__ActualFlowRate_Q_std,L2_WB34_Actual_FlowRate_Q_mean,L2_WB34_Actual_FlowRate_Q_std,L2_WB12_Output_PressureFilt_Q_mean,L2_WB12_Output_PressureFilt_Q_std
2025-07-17 13:05:00,600.0,1.0,C104082,Line-2--2,240.0,705.0,1.175,21.25,0.23,0.91,0.225,0.017,0.014,0.3816666666666667,227.32723000000001,280.943568994439,17.434666,410.2369375862069,162.00675012194597,17.434666,1020.3551721264369,32.998858918774076,186.70440646551722,270.78830165166363,1036.0890499999998,6.694717101949097,0.0,0.0,555.478396954023,220.59832650468644,1182.2582117816094,0.08329945081648102,1142.0887022988504,0.1720879888385346,13.673401593390803,0.0696426351419621,12.746128008620689,0.09041410629237982,13.673401593390803,0.0696426351419621,12.736774870689654,0.09109139708790856,416.8741202011494,6.10989487621134,448.5662836781609,5.723745565826289,13.687657702586206,0.06923801019500482,13.158823844827584,0.07690953849575506,13.687657702586206,0.06923801019500482,464.56275574712635,2.319133770334847,426.5816229310344,4.090333105187184,13.277384170977012,0.07213571147035645
2025-07-17 13:05:00,599.0,2.0,C104082,Line-2--4,240.0,700.0,1.1686143572621035,21.125,0.23,0.93,0.22,0.016,0.011,0.385,227.32723000000001,280.943568994439,17.434666,410.2369375862069,162.00675012194597,17.434666,1020.3551721264369,32.998858918774076,186.70440646551722,270.78830165166363,1036.0890499999998,6.694717101949097,0.0,0.0,555.478396954023,220.59832650468644,1182.2582117816094,0.08329945081648102,1142.0887022988504,0.1720879888385346,13.673401593390803,0.0696426351419621,12.746128008620689,0.09041410629237982,13.673401593390803,0.0696426351419621,12.736774870689654,0.09109139708790856,416.8741202011494,6.10989487621134,448.5662836781609,5.723745565826289,13.687657702586206,0.06923801019500482,13.158823844827584,0.07690953849575506,13.687657702586206,0.06923801019500482,464.56275574712635,2.319133770334847,426.5816229310344,4.090333105187184,13.277384170977012,0.07213571147035645
2025-07-17 13:05:00,609.0,3.0,C104082,Line-1--1,240.0,712.0,1.1691297208538587,20.625,0.22,0.93,0.23,0.018,0.014,0.375,227.32723000000001,280.943568994439,17.434666,410.2369375862069,162.00675012194597,17.434666,1020.3551721264369,32.998858918774076,186.70440646551722,270.78830165166363,1036.0890499999998,6.694717101949097,0.0,0.0,555.478396954023,220.59832650468644,1182.2582117816094,0.08329945081648102,1142.0887022988504,0.1720879888385346,13.673401593390803,0.0696426351419621,12.746128008620689,0.09041410629237982,13.673401593390803,0.0696426351419621,12.736774870689654,0.09109139708790856,416.8741202011494,6.10989487621134,448.5662836781609,5.723745565826289,13.687657702586206,0.06923801019500482,13.158823844827584,0.07690953849575506,13.687657702586206,0.06923801019500482,464.56275574712635,2.319133770334847,426.5816229310344,4.090333105187184,13.277384170977012,0.07213571147035645
2025-07-17 13:05:00,596.0,4.0,C104082,Line-1--3,240.0,698.0,1.1711409395973154,21.125,0.23,0.94,0.235,0.009,0.013,0.3866666666666666,227.32723000000001,280.943568994439,17.434666,410.2369375862069,162.00675012194597,17.434666,1020.3551721264369,32.998858918774076,186.70440646551722,270.78830165166363,1036.0890499999998,6.694717101949097,0.0,0.0,555.478396954023,220.59832650468644,1182.2582117816094,0.08329945081648102,1142.0887022988504,0.1720879888385346,13.673401593390803,0.0696426351419621,12.746128008620689,0.09041410629237982,13.673401593390803,0.0696426351419621,12.736774870689654,0.09109139708790856,416.8741202011494,6.10989487621134,448.5662836781609,5.723745565826289,13.687657702586206,0.06923801019500482,13.158823844827584,0.07690953849575506,13.687657702586206,0.06923801019500482,464.56275574712635,2.319133770334847,426.5816229310344,4.090333105187184,13.277384170977012,0.07213571147035645
2025-07-17 13:20:00,607.0,5.0,C104082,Line-1--1,241.0,709.0,1.1680395387149918,21.75,0.23,0.94,0.228,0.017,0.013,0.3866666666666666,192.17950231336408,270.24838975946676,21.724771,388.6652822119816,156.1564170519417,21.724771,992.7863469354838,42.255326510981256,164.11246482027647,260.2481856033899,1028.1141855069125,6.447229625138115,0.0,0.0,658.4915808986174,281.6452412908979,1161.8051914746543,0.30315940097294597,1164.9563133640554,0.7369487789999195,13.612148837557605,0.07063743715008591,12.692233777649768,0.09014603878807319,13.612148837557605,0.07063743715008591,12.684436543778805,0.09178423537835273,415.39028550691245,6.0635958082374435,446.42512917050686,5.544638846229825,13.625999915898618,0.06981738655555979,13.100442845622117,0.0779921548358572,13.625999915898618,0.06981738655555979,461.7564252764977,1.8539535428886622,424.761752235023,3.887637213787956,13.22024719470046,0.07174282520255647
2025-07-17 13:20:00,597.0,6.0,C104082,Line-1--3,241.0,700.0,1.1725293132328307,20.75,0.23,0.94,0.231,0.017,0.014,0.3866666666666666,192.17950231336408,270.24838975946676,21.724771,388.6652822119816,156.1564170519417,21.724771,992.7863469354838,42.255326510981256,164.11246482027647,260.2481856033899,1028.1141855069125,6.447229625138115,0.0,0.0,658.4915808986174,281.6452412908979,1161.8051914746543,0.30315940097294597,1164.9563133640554,0.7369487789999195,13.612148837557605,0.07063743715008591,12.692233777649768,0.09014603878807319,13.612148837557605,0.07063743715008591,12.684436543778805,0.09178423537835273,415.39028550691245,6.0635958082374435,446.42512917050686,5.544638846229825,13.625999915898618,0.06981738655555979,13.100442845622117,0.0779921548358572,13.625999915898618,0.06981738655555979,461.7564252764977,1.8539535428886622,424.761752235023,3.887637213787956,13.22024719470046,0.07174282520255647
2025-07-17 13:20:00,599.0,7.0,C104082,Line-2--6,241.0,695.0,1.1602671118530885,21.125,0.24,0.92,0.263,0.017,0.011,0.3933333333333333,192.17950231336408,270.24838975946676,21.724771,388.6652822119816,156.1564170519417,21.724771,992.7863469354838,42.255326510981256,164.11246482027647,260.2481856033899,1028.1141855069125,6.447229625138115,0.0,0.0,658.4915808986174,281.6452412908979,1161.8051914746543,0.30315940097294597,1164.9563133640554,0.7369487789999195,13.612148837557605,0.07063743715008591,12.692233777649768,0.09014603878807319,13.612148837557605,0.07063743715008591,12.684436543778805,0.09178423537835273,415.39028550691245,6.0635958082374435,446.42512917050686,5.544638846229825,13.625999915898618,0.06981738655555979,13.100442845622117,0.0779921548358572,13.625999915898618,0.06981738655555979,461.7564252764977,1.8539535428886622,424.761752235023,3.887637213787956,13.22024719470046,0.07174282520255647
2025-07-17 13:20:00,595.0,8.0,C104082,Line-2--8,241.0,687.0,1.1546218487394957,22.125,0.23,0.93,0.225,0.017,0.013,0.385,192.17950231336408,270.24838975946676,21.724771,388.6652822119816,156.1564170519417,21.724771,992.7863469354838,42.255326510981256,164.11246482027647,260.2481856033899,1028.1141855069125,6.447229625138115,0.0,0.0,658.4915808986174,281.6452412908979,1161.8051914746543,0.30315940097294597,1164.9563133640554,0.7369487789999195,13.612148837557605,0.07063743715008591,12.692233777649768,0.09014603878807319,13.612148837557605,0.07063743715008591,12.684436543778805,0.09178423537835273,415.39028550691245,6.0635958082374435,446.42512917050686,5.544638846229825,13.625999915898618,0.06981738655555979,13.100442845622117,0.0779921548358572,13.625999915898618,0.06981738655555979,461.7564252764977,1.8539535428886622,424.761752235023,3.887637213787956,13.22024719470046,0.07174282520255647
2025-07-17 15:35:00,593.0,9.0,C104080,Line-2--2,152.0,714.0,1.2040472175379426,20.5,0.23,0.93,0.223,0.017,0.013,0.385,0.0,0.0,8.6,257.9748816184971,9.51825989242218,8.6,1044.704120231214,15.86791420851627,0.0,0.0,1020.4941572254335,3.1393565306524818,0.0,0.0,448.64637127167623,0.0033282785202330438,1175.0042352601154,0.045232354577879476,1158.5019213872833,0.02256903760751832,13.59956465895954,0.09345179555117002,12.667071690751445,0.11496926314446321,13.59956465895954,0.09345179555117002,12.625971005780345,0.11738850034708832,418.601810867052,5.27527454977286,452.54520098265897,5.564433274474577,13.612366179190747,0.09229714822624449,13.079567381502889,0.10126750568692452,13.612366179190747,0.09229714822624449,463.6756084393064,4.081802112584217,429.1760410982658,4.108949000697087,13.211828095375724,0.09930920658221679
2025-07-17 15:35:00,587.0,10.0,C104080,Line-2--4,152.0,708.0,1.2061328790459966,21.000000000000004,0.25,0.92,0.275,0.017,0.013,0.4033333333333333,0.0,0.0,8.6,257.9748816184971,9.51825989242218,8.6,1044.704120231214,15.86791420851627,0.0,0.0,1020.4941572254335,3.1393565306524818,0.0,0.0,448.64637127167623,0.0033282785202330438,1175.0042352601154,0.045232354577879476,1158.5019213872833,0.02256903760751832,13.59956465895954,0.09345179555117002,12.667071690751445,0.11496926314446321,13.59956465895954,0.09345179555117002,12.625971005780345,0.11738850034708832,418.601810867052,5.27527454977286,452.54520098265897,5.564433274474577,13.612366179190747,0.09229714822624449,13.079567381502889,0.10126750568692452,13.612366179190747,0.09229714822624449,463.6756084393064,4.081802112584217,429.1760410982658,4.108949000697087,13.211828095375724,0.09930920658221679
2025-07-17 15:35:00,604.0,11.0,C104080,Line-1--1,152.0,721.0,1.1937086092715232,20.375,0.26,0.92,0.274,0.018,0.014,0.4133333333333333,0.0,0.0,8.6,257.9748816184971,9.51825989242218,8.6,1044.704120231214,15.86791420851627,0.0,0.0,1020.4941572254335,3.1393565306524818,0.0,0.0,448.64637127167623,0.0033282785202330438,1175.0042352601154,0.045232354577879476,1158.5019213872833,0.02256903760751832,13.59956465895954,0.09345179555117002,12.667071690751445,0.11496926314446321,13.59956465895954,0.09345179555117002,12.625971005780345,0.11738850034708832,418.601810867052,5.27527454977286,452.54520098265897,5.564433274474577,13.612366179190747,0.09229714822624449,13.079567381502889,0.10126750568692452,13.612366179190747,0.09229714822624449,463.6756084393064,4.081802112584217,429.1760410982658,4.108949000697087,13.211828095375724,0.09930920658221679
2025-07-17 15:35:00,597.0,12.0,C104080,Line-1--3,152.0,716.0,1.1993299832495812,21.25,0.25,0.93,0.275,0.017,0.012,0.405,0.0,0.0,8.6,257.9748816184971,9.51825989242218,8.6,1044.704120231214,15.86791420851627,0.0,0.0,1020.4941572254335,3.1393565306524818,0.0,0.0,448.64637127167623,0.0033282785202330438,1175.0042352601154,0.045232354577879476,1158.5019213872833,0.02256903760751832,13.59956465895954,0.09345179555117002,12.667071690751445,0.11496926314446321,13.59956465895954,0.09345179555117002,12.625971005780345,0.11738850034708832,418.601810867052,5.27527454977286,452.54520098265897,5.564433274474577,13.612366179190747,0.09229714822624449,13.079567381502889,0.10126750568692452,13.612366179190747,0.09229714822624449,463.6756084393064,4.081802112584217,429.1760410982658,4.108949000697087,13.211828095375724,0.09930920658221679
2025-07-17 16:18:00,599.0,16.0,C104080,Line-2--8,153.0,717.0,1.1969949916527547,23.625,0.2,0.86,0.215,0.021,0.018,0.3433333333333334,233.53466239490447,280.34001295176313,31.312048,393.9881658532696,155.18996831124772,31.262048,942.1683082802549,163.81147004632464,165.16816894736843,260.3820891286601,976.1461171974522,175.90966549367926,0.0,0.0,701.3351939012739,294.5253708353157,1152.907611146497,0.1231301778805923,1187.3857367834396,0.393719451361066,13.628694710191082,0.058590724093244895,12.714883796178343,0.0757843631652776,13.628694710191082,0.058590724093244895,12.679479772292995,0.07628754338848188,413.27153621019113,4.7847826429012965,446.8822202388535,4.38826256611719,13.642292285486446,0.05898605462726131,13.115676010366828,0.0656373381096287,13.642292285486446,0.05898605462726131,459.97793618819776,2.6049340980843008,424.02677097288677,4.183613659870014,13.243690573365232,0.0623322330365572
2025-07-17 16:18:00,602.0,15.0,C104080,Line-2--6,153.0,719.0,1.1943521594684383,20.75,0.27,0.93,0.274,0.018,0.014,0.425,233.53466239490447,280.34001295176313,31.312048,393.9881658532696,155.18996831124772,31.262048,942.1683082802549,163.81147004632464,165.16816894736843,260.3820891286601,976.1461171974522,175.90966549367926,0.0,0.0,701.3351939012739,294.5253708353157,1152.907611146497,0.1231301778805923,1187.3857367834396,0.393719451361066,13.628694710191082,0.058590724093244895,12.714883796178343,0.0757843631652776,13.628694710191082,0.058590724093244895,12.679479772292995,0.07628754338848188,413.27153621019113,4.7847826429012965,446.8822202388535,4.38826256611719,13.642292285486446,0.05898605462726131,13.115676010366828,0.0656373381096287,13.642292285486446,0.05898605462726131,459.97793618819776,2.6049340980843008,424.02677097288677,4.183613659870014,13.243690573365232,0.0623322330365572
2025-07-17 16:18:00,599.0,13.0,C104080,Line-1--1,153.0,731.0,1.220367278797997,21.5,0.26,0.93,0.274,0.017,0.014,0.415,233.53466239490447,280.34001295176313,31.312048,393.9881658532696,155.18996831124772,31.262048,942.1683082802549,163.81147004632464,165.16816894736843,260.3820891286601,976.1461171974522,175.90966549367926,0.0,0.0,701.3351939012739,294.5253708353157,1152.907611146497,0.1231301778805923,1187.3857367834396,0.393719451361066,13.628694710191082,0.058590724093244895,12.714883796178343,0.0757843631652776,13.628694710191082,0.058590724093244895,12.679479772292995,0.07628754338848188,413.27153621019113,4.7847826429012965,446.8822202388535,4.38826256611719,13.642292285486446,0.05898605462726131,13.115676010366828,0.0656373381096287,13.642292285486446,0.05898605462726131,459.97793618819776,2.6049340980843008,424.02677097288677,4.183613659870014,13.243690573365232,0.0623322330365572
2025-07-17 16:18:00,608.0,14.0,C104080,Line-1--3,153.0,726.0,1.194078947368421,20.75,0.26,0.94,0.276,0.018,0.015,0.4166666666666666,233.53466239490447,280.34001295176313,31.312048,393.9881658532696,155.18996831124772,31.262048,942.1683082802549,163.81147004632464,165.16816894736843,260.3820891286601,976.1461171974522,175.90966549367926,0.0,0.0,701.3351939012739,294.5253708353157,1152.907611146497,0.1231301778805923,1187.3857367834396,0.393719451361066,13.628694710191082,0.058590724093244895,12.714883796178343,0.0757843631652776,13.628694710191082,0.058590724093244895,12.679479772292995,0.07628754338848188,413.27153621019113,4.7847826429012965,446.8822202388535,4.38826256611719,13.642292285486446,0.05898605462726131,13.115676010366828,0.0656373381096287,13.642292285486446,0.05898605462726131,459.97793618819776,2.6049340980843008,424.02677097288677,4.183613659870014,13.243690573365232,0.0623322330365572
2025-07-19 12:40:00,607.0,28.0,C104139,Line-1--3,555.0,706.0,1.1630971993410215,21.875,0.24,0.84,0.212,0.008,0.013,0.38,244.9392537622821,278.6643304156142,31.40385,434.439057234375,159.68870452373602,31.85385,700.0,0.0,216.998835603125,280.25652965398285,893.3840269255151,222.37227456137936,0.0,0.0,448.65950678288436,0.003754964453421659,1095.9862122028526,0.3572803736430684,1096.3264600633916,0.11238988285257197,13.485961511885897,0.05659243340579328,12.192961263866877,0.08123363891260219,13.485961511885897,0.05659243340579328,12.015951210776546,0.08177898768761975,421.4732023613313,5.051967017319627,424.43389866877976,4.0129419257517664,13.49546758046875,0.05671569739885382,12.89753659765625,0.0663987840376098,13.49546758046875,0.05671569739885382,430.89377731250005,1.994390495755035,455.1855310000001,5.236050894526457,13.15496926015625,0.05863429294848505
2025-07-19 12:40:00,582.0,25.0,C104139,Line-2--2,555.0,681.0,1.1701030927835052,19.625000000000004,0.23,0.86,0.22,0.018,0.014,0.3733333333333333,244.9392537622821,278.6643304156142,31.40385,434.439057234375,159.68870452373602,31.85385,700.0,0.0,216.998835603125,280.25652965398285,893.3840269255151,222.37227456137936,0.0,0.0,448.65950678288436,0.003754964453421659,1095.9862122028526,0.3572803736430684,1096.3264600633916,0.11238988285257197,13.485961511885897,0.05659243340579328,12.192961263866877,0.08123363891260219,13.485961511885897,0.05659243340579328,12.015951210776546,0.08177898768761975,421.4732023613313,5.051967017319627,424.43389866877976,4.0129419257517664,13.49546758046875,0.05671569739885382,12.89753659765625,0.0663987840376098,13.49546758046875,0.05671569739885382,430.89377731250005,1.994390495755035,455.1855310000001,5.236050894526457,13.15496926015625,0.05863429294848505
2025-07-19 12:40:00,588.0,26.0,C104139,Line-2--4,555.0,688.0,1.1700680272108843,20.250000000000004,0.24,0.85,0.215,0.009,0.014,0.3816666666666666,244.9392537622821,278.6643304156142,31.40385,434.439057234375,159.68870452373602,31.85385,700.0,0.0,216.998835603125,280.25652965398285,893.3840269255151,222.37227456137936,0.0,0.0,448.65950678288436,0.003754964453421659,1095.9862122028526,0.3572803736430684,1096.3264600633916,0.11238988285257197,13.485961511885897,0.05659243340579328,12.192961263866877,0.08123363891260219,13.485961511885897,0.05659243340579328,12.015951210776546,0.08177898768761975,421.4732023613313,5.051967017319627,424.43389866877976,4.0129419257517664,13.49546758046875,0.05671569739885382,12.89753659765625,0.0663987840376098,13.49546758046875,0.05671569739885382,430.89377731250005,1.994390495755035,455.1855310000001,5.236050894526457,13.15496926015625,0.05863429294848505
2025-07-19 12:40:00,599.0,27.0,C104139,Line-1--1,555.0,699.0,1.1669449081803005,20.625,0.2,0.85,0.224,0.024,0.017,0.3416666666666667,244.9392537622821,278.6643304156142,31.40385,434.439057234375,159.68870452373602,31.85385,700.0,0.0,216.998835603125,280.25652965398285,893.3840269255151,222.37227456137936,0.0,0.0,448.65950678288436,0.003754964453421659,1095.9862122028526,0.3572803736430684,1096.3264600633916,0.11238988285257197,13.485961511885897,0.05659243340579328,12.192961263866877,0.08123363891260219,13.485961511885897,0.05659243340579328,12.015951210776546,0.08177898768761975,421.4732023613313,5.051967017319627,424.43389866877976,4.0129419257517664,13.49546758046875,0.05671569739885382,12.89753659765625,0.0663987840376098,13.49546758046875,0.05671569739885382,430.89377731250005,1.994390495755035,455.1855310000001,5.236050894526457,13.15496926015625,0.05863429294848505
2025-07-19 13:05:00,587.0,32.0,C104139,Line-2--8,556.0,692.0,1.178875638841567,20.375,0.17,0.66,0.171,0.012,0.013,0.28,219.58203188034187,276.43405667510325,23.30865,406.8272347751606,161.21806306158496,23.25865,999.8576066239317,54.75060521018473,161.76270164025698,260.7013802464467,987.437435619658,3.588956126646136,0.0,0.0,554.1848057051283,228.5553736645914,1131.0769662393163,0.09545952387961368,1133.6127905982908,0.12162720113953707,13.678740305555554,0.061533728158151904,12.359112407051283,0.08565386931214355,13.678740305555554,0.061533728158151904,12.18273390491453,0.08811273082738216,426.2129890598291,4.7398605578911965,427.3434185470085,4.434899468044004,13.688197471092078,0.06033102096986087,13.079821012847965,0.07090939156976944,13.688197471092078,0.06033102096986087,435.31395580299795,2.5295725195632475,460.4537498286938,4.661387328410186,13.339371874732334,0.0646878645147065
2025-07-19 13:05:00,574.0,31.0,C104139,Line-2--6,556.0,682.0,1.1881533101045296,20.749999999999996,0.23,0.86,0.191,0.02,0.007,0.3733333333333333,219.58203188034187,276.43405667510325,23.30865,406.8272347751606,161.21806306158496,23.25865,999.8576066239317,54.75060521018473,161.76270164025698,260.7013802464467,987.437435619658,3.588956126646136,0.0,0.0,554.1848057051283,228.5553736645914,1131.0769662393163,0.09545952387961368,1133.6127905982908,0.12162720113953707,13.678740305555554,0.061533728158151904,12.359112407051283,0.08565386931214355,13.678740305555554,0.061533728158151904,12.18273390491453,0.08811273082738216,426.2129890598291,4.7398605578911965,427.3434185470085,4.434899468044004,13.688197471092078,0.06033102096986087,13.079821012847965,0.07090939156976944,13.688197471092078,0.06033102096986087,435.31395580299795,2.5295725195632475,460.4537498286938,4.661387328410186,13.339371874732334,0.0646878645147065
2025-07-19 13:05:00,591.0,29.0,C104139,Line-1--1,556.0,696.0,1.177664974619289,21.875,0.23,0.86,0.217,0.019,0.014,0.3733333333333333,219.58203188034187,276.43405667510325,23.30865,406.8272347751606,161.21806306158496,23.25865,999.8576066239317,54.75060521018473,161.76270164025698,260.7013802464467,987.437435619658,3.588956126646136,0.0,0.0,554.1848057051283,228.5553736645914,1131.0769662393163,0.09545952387961368,1133.6127905982908,0.12162720113953707,13.678740305555554,0.061533728158151904,12.359112407051283,0.08565386931214355,13.678740305555554,0.061533728158151904,12.18273390491453,0.08811273082738216,426.2129890598291,4.7398605578911965,427.3434185470085,4.434899468044004,13.688197471092078,0.06033102096986087,13.079821012847965,0.07090939156976944,13.688197471092078,0.06033102096986087,435.31395580299795,2.5295725195632475,460.4537498286938,4.661387328410186,13.339371874732334,0.0646878645147065
2025-07-19 13:05:00,586.0,30.0,C104139,Line-1--3,556.0,695.0,1.1860068259385663,22.125000000000004,0.19,0.72,0.197,0.014,0.016,0.31,219.58203188034187,276.43405667510325,23.30865,406.8272347751606,161.21806306158496,23.25865,999.8576066239317,54.75060521018473,161.76270164025698,260.7013802464467,987.437435619658,3.588956126646136,0.0,0.0,554.1848057051283,228.5553736645914,1131.0769662393163,0.09545952387961368,1133.6127905982908,0.12162720113953707,13.678740305555554,0.061533728158151904,12.359112407051283,0.08565386931214355,13.678740305555554,0.061533728158151904,12.18273390491453,0.08811273082738216,426.2129890598291,4.7398605578911965,427.3434185470085,4.434899468044004,13.688197471092078,0.06033102096986087,13.079821012847965,0.07090939156976944,13.688197471092078,0.06033102096986087,435.31395580299795,2.5295725195632475,460.4537498286938,4.661387328410186,13.339371874732334,0.0646878645147065
2025-07-19 15:32:00,574.0,33.0,C104145,Line-2--2,131.0,666.0,1.160278745644599,19.875000000000007,0.2,0.83,0.215,0.023,0.017,0.3383333333333334,224.046794535809,280.70141555926494,18.936329,415.81542984084876,166.0244407677102,18.936329,1033.586804403183,15.98394545199587,195.42845932095491,272.58700713046284,1002.9835006631299,3.7531838549256133,0.0,0.0,647.1801809018567,288.72610470986143,1114.5658885941646,0.5522994824372235,1156.7993013262596,0.07548587068959717,13.60743625994695,0.06269337035226605,12.300185659151193,0.08583247738481342,13.60743625994695,0.06269337035226605,12.112653553050398,0.08932169670014194,424.91901291777185,5.745373487984258,429.0169525464191,3.642549648499879,13.617184643236074,0.06319434317881026,13.005729472148541,0.07241376448228548,13.617184643236074,0.06319434317881026,435.957230265252,2.1545771125624906,460.5867874801061,4.963089077194175,13.269094728116709,0.06458761215504596
2025-07-19 15:32:00,565.0,34.0,C104145,Line-2--4,131.0,663.0,1.1734513274336282,18.874999999999996,0.2,0.85,0.22,0.025,0.018,0.3416666666666667,224.046794535809,280.70141555926494,18.936329,415.81542984084876,166.0244407677102,18.936329,1033.586804403183,15.98394545199587,195.42845932095491,272.58700713046284,1002.9835006631299,3.7531838549256133,0.0,0.0,647.1801809018567,288.72610470986143,1114.5658885941646,0.5522994824372235,1156.7993013262596,0.07548587068959717,13.60743625994695,0.06269337035226605,12.300185659151193,0.08583247738481342,13.60743625994695,0.06269337035226605,12.112653553050398,0.08932169670014194,424.91901291777185,5.745373487984258,429.0169525464191,3.642549648499879,13.617184643236074,0.06319434317881026,13.005729472148541,0.07241376448228548,13.617184643236074,0.06319434317881026,435.957230265252,2.1545771125624906,460.5867874801061,4.963089077194175,13.269094728116709,0.06458761215504596
2025-07-19 15:32:00,594.0,35.0,C104145,Line-1--1,131.0,683.0,1.14983164983165,21.750000000000007,0.2,0.84,0.219,0.012,0.017,0.3399999999999999,224.046794535809,280.70141555926494,18.936329,415.81542984084876,166.0244407677102,18.936329,1033.586804403183,15.98394545199587,195.42845932095491,272.58700713046284,1002.9835006631299,3.7531838549256133,0.0,0.0,647.1801809018567,288.72610470986143,1114.5658885941646,0.5522994824372235,1156.7993013262596,0.07548587068959717,13.60743625994695,0.06269337035226605,12.300185659151193,0.08583247738481342,13.60743625994695,0.06269337035226605,12.112653553050398,0.08932169670014194,424.91901291777185,5.745373487984258,429.0169525464191,3.642549648499879,13.617184643236074,0.06319434317881026,13.005729472148541,0.07241376448228548,13.617184643236074,0.06319434317881026,435.957230265252,2.1545771125624906,460.5867874801061,4.963089077194175,13.269094728116709,0.06458761215504596
2025-07-19 15:32:00,594.0,36.0,C104145,Line-1--3,131.0,681.0,1.1464646464646464,23.625000000000007,0.22,0.93,0.258,0.015,0.016,0.375,224.046794535809,280.70141555926494,18.936329,415.81542984084876,166.0244407677102,18.936329,1033.586804403183,15.98394545199587,195.42845932095491,272.58700713046284,1002.9835006631299,3.7531838549256133,0.0,0.0,647.1801809018567,288.72610470986143,1114.5658885941646,0.5522994824372235,1156.7993013262596,0.07548587068959717,13.60743625994695,0.06269337035226605,12.300185659151193,0.08583247738481342,13.60743625994695,0.06269337035226605,12.112653553050398,0.08932169670014194,424.91901291777185,5.745373487984258,429.0169525464191,3.642549648499879,13.617184643236074,0.06319434317881026,13.005729472148541,0.07241376448228548,13.617184643236074,0.06319434317881026,435.957230265252,2.1545771125624906,460.5867874801061,4.963089077194175,13.269094728116709,0.06458761215504596
2025-07-20 09:44:00,619.0,39.0,C104178,Line-1--1,36.0,719.0,1.1615508885298869,16.875,0.23,0.94,0.262,0.017,0.016,0.3866666666666666,198.48927851851852,275.74373906791527,21.521927,400.22413997685186,161.60883429554494,21.521927,999.172932824074,83.17114114276882,175.8640864351852,269.82434868483284,992.3997237731483,5.754140216904323,0.0,0.0,713.6157929629632,305.2518388410298,1125.743072685185,0.2489083156509475,1152.7737284722223,0.05036289651345687,13.468497398148148,0.06671161586227667,12.700770958333335,0.08046021376141783,13.468497398148148,0.06671161586227667,12.401922697916666,0.08600424792516043,425.8361401157407,4.336712279991009,430.24569641203703,3.662986590495424,13.48041301273148,0.06672377132083715,12.909658027777777,0.07651517434988885,13.48041301273148,0.06672377132083715,445.79340655092597,2.6026369504060556,444.91205525462965,5.184815618102505,13.106879465277778,0.0701167990245567
2025-07-20 09:44:00,608.0,40.0,C104178,Line-1--3,36.0,713.0,1.1726973684210529,18.90000000000001,0.23,0.96,0.283,0.017,0.014,0.39,198.48927851851852,275.74373906791527,21.521927,400.22413997685186,161.60883429554494,21.521927,999.172932824074,83.17114114276882,175.8640864351852,269.82434868483284,992.3997237731483,5.754140216904323,0.0,0.0,713.6157929629632,305.2518388410298,1125.743072685185,0.2489083156509475,1152.7737284722223,0.05036289651345687,13.468497398148148,0.06671161586227667,12.700770958333335,0.08046021376141783,13.468497398148148,0.06671161586227667,12.401922697916666,0.08600424792516043,425.8361401157407,4.336712279991009,430.24569641203703,3.662986590495424,13.48041301273148,0.06672377132083715,12.909658027777777,0.07651517434988885,13.48041301273148,0.06672377132083715,445.79340655092597,2.6026369504060556,444.91205525462965,5.184815618102505,13.106879465277778,0.0701167990245567
2025-07-20 09:44:00,583.0,41.0,C104178,Line-2--6,36.0,690.0,1.183533447684391,21.500000000000004,0.23,0.87,0.23,0.015,0.01,0.375,198.48927851851852,275.74373906791527,21.521927,400.22413997685186,161.60883429554494,21.521927,999.172932824074,83.17114114276882,175.8640864351852,269.82434868483284,992.3997237731483,5.754140216904323,0.0,0.0,713.6157929629632,305.2518388410298,1125.743072685185,0.2489083156509475,1152.7737284722223,0.05036289651345687,13.468497398148148,0.06671161586227667,12.700770958333335,0.08046021376141783,13.468497398148148,0.06671161586227667,12.401922697916666,0.08600424792516043,425.8361401157407,4.336712279991009,430.24569641203703,3.662986590495424,13.48041301273148,0.06672377132083715,12.909658027777777,0.07651517434988885,13.48041301273148,0.06672377132083715,445.79340655092597,2.6026369504060556,444.91205525462965,5.184815618102505,13.106879465277778,0.0701167990245567
2025-07-20 09:44:00,570.0,42.0,C104178,Line-2--8,36.0,681.0,1.194736842105263,22.5,0.23,0.86,0.22,0.009,0.011,0.3733333333333333,198.48927851851852,275.74373906791527,21.521927,400.22413997685186,161.60883429554494,21.521927,999.172932824074,83.17114114276882,175.8640864351852,269.82434868483284,992.3997237731483,5.754140216904323,0.0,0.0,713.6157929629632,305.2518388410298,1125.743072685185,0.2489083156509475,1152.7737284722223,0.05036289651345687,13.468497398148148,0.06671161586227667,12.700770958333335,0.08046021376141783,13.468497398148148,0.06671161586227667,12.401922697916666,0.08600424792516043,425.8361401157407,4.336712279991009,430.24569641203703,3.662986590495424,13.48041301273148,0.06672377132083715,12.909658027777777,0.07651517434988885,13.48041301273148,0.06672377132083715,445.79340655092597,2.6026369504060556,444.91205525462965,5.184815618102505,13.106879465277778,0.0701167990245567
2025-07-20 11:02:00,577.0,43.0,C104183,Line-2--2,157.0,673.0,1.166377816291161,19.499999999999996,0.24,0.85,0.189,0.02,0.008,0.3816666666666666,0.0,0.0,2.25,250.2912717391303,0.037796440649845005,2.25,1013.8126552173911,6.924108798207019,0.0,0.0,967.9331347826087,5.26421994475566,0.0,0.0,448.6581758695651,0.0011380618535913598,1072.3455782608698,0.022984119281127747,1119.0927652173916,0.02103621446085227,13.333630717391303,0.0442702812559966,12.534368391304351,0.050786165804709744,13.333630717391303,0.0442702812559966,12.221261304347825,0.043357015386655116,437.7963389130435,0.6309518127021461,439.60297282608695,1.3140388320402152,13.34761523913043,0.04746722934319324,12.746035021739129,0.04862213988091755,13.34761523913043,0.04746722934319324,451.78944195652167,0.18326552369741753,453.67570152173926,1.1069042275342535,12.966511021739127,0.051221841457738886
2025-07-20 11:02:00,579.0,44.0,C104183,Line-2--4,157.0,674.0,1.1640759930915372,21.0,0.2,0.86,0.225,0.018,0.018,0.3433333333333334,0.0,0.0,2.25,250.2912717391303,0.037796440649845005,2.25,1013.8126552173911,6.924108798207019,0.0,0.0,967.9331347826087,5.26421994475566,0.0,0.0,448.6581758695651,0.0011380618535913598,1072.3455782608698,0.022984119281127747,1119.0927652173916,0.02103621446085227,13.333630717391303,0.0442702812559966,12.534368391304351,0.050786165804709744,13.333630717391303,0.0442702812559966,12.221261304347825,0.043357015386655116,437.7963389130435,0.6309518127021461,439.60297282608695,1.3140388320402152,13.34761523913043,0.04746722934319324,12.746035021739129,0.04862213988091755,13.34761523913043,0.04746722934319324,451.78944195652167,0.18326552369741753,453.67570152173926,1.1069042275342535,12.966511021739127,0.051221841457738886
2025-07-20 11:02:00,615.0,45.0,C104183,Line-1--1,157.0,706.0,1.1479674796747967,21.0,0.21,0.85,0.22,0.024,0.018,0.3516666666666667,0.0,0.0,2.25,250.2912717391303,0.037796440649845005,2.25,1013.8126552173911,6.924108798207019,0.0,0.0,967.9331347826087,5.26421994475566,0.0,0.0,448.6581758695651,0.0011380618535913598,1072.3455782608698,0.022984119281127747,1119.0927652173916,0.02103621446085227,13.333630717391303,0.0442702812559966,12.534368391304351,0.050786165804709744,13.333630717391303,0.0442702812559966,12.221261304347825,0.043357015386655116,437.7963389130435,0.6309518127021461,439.60297282608695,1.3140388320402152,13.34761523913043,0.04746722934319324,12.746035021739129,0.04862213988091755,13.34761523913043,0.04746722934319324,451.78944195652167,0.18326552369741753,453.67570152173926,1.1069042275342535,12.966511021739127,0.051221841457738886
2025-07-20 11:02:00,610.0,46.0,C104183,Line-1--3,157.0,700.0,1.147540983606557,18.75,0.24,0.83,0.183,0.02,0.008,0.3783333333333333,0.0,0.0,2.25,250.2912717391303,0.037796440649845005,2.25,1013.8126552173911,6.924108798207019,0.0,0.0,967.9331347826087,5.26421994475566,0.0,0.0,448.6581758695651,0.0011380618535913598,1072.3455782608698,0.022984119281127747,1119.0927652173916,0.02103621446085227,13.333630717391303,0.0442702812559966,12.534368391304351,0.050786165804709744,13.333630717391303,0.0442702812559966,12.221261304347825,0.043357015386655116,437.7963389130435,0.6309518127021461,439.60297282608695,1.3140388320402152,13.34761523913043,0.04746722934319324,12.746035021739129,0.04862213988091755,13.34761523913043,0.04746722934319324,451.78944195652167,0.18326552369741753,453.67570152173926,1.1069042275342535,12.966511021739127,0.051221841457738886
2025-07-20 11:11:00,603.0,48.0,C104183,Line-1--3,158.0,693.0,1.1492537313432836,16.750000000000007,0.21,0.69,0.157,0.019,0.008,0.3249999999999999,202.64061064593304,273.371456167646,21.007804,395.7789547482015,158.72050012345989,20.957804,1004.0723503588517,25.139097761952577,174.1710967625899,266.1566934758991,972.0567677033492,5.508283885618548,0.0,0.0,550.1046097368421,210.70225805200317,1085.754065789474,0.30247233236845056,1129.0293433014353,0.2461325208272043,13.47894822368421,0.06525915905517268,12.718655217703349,0.07873112359462213,13.47894822368421,0.06525915905517268,12.417564583732057,0.08448797182871873,425.33665088516744,4.426181051019465,431.41966677033497,3.9378203510458865,13.492606004796162,0.06536247324299387,12.923757735011993,0.07451574292639465,13.492606004796162,0.06536247324299387,446.00642105515584,2.1905390015356705,444.22647640287767,4.90132076366446,13.118671523980817,0.06735994842303182
2025-07-20 11:11:00,573.0,50.0,C104183,Line-2--8,158.0,666.0,1.162303664921466,20.0,0.23,0.85,0.223,0.015,0.01,0.3716666666666667,202.64061064593304,273.371456167646,21.007804,395.7789547482015,158.72050012345989,20.957804,1004.0723503588517,25.139097761952577,174.1710967625899,266.1566934758991,972.0567677033492,5.508283885618548,0.0,0.0,550.1046097368421,210.70225805200317,1085.754065789474,0.30247233236845056,1129.0293433014353,0.2461325208272043,13.47894822368421,0.06525915905517268,12.718655217703349,0.07873112359462213,13.47894822368421,0.06525915905517268,12.417564583732057,0.08448797182871873,425.33665088516744,4.426181051019465,431.41966677033497,3.9378203510458865,13.492606004796162,0.06536247324299387,12.923757735011993,0.07451574292639465,13.492606004796162,0.06536247324299387,446.00642105515584,2.1905390015356705,444.22647640287767,4.90132076366446,13.118671523980817,0.06735994842303182
2025-07-20 11:11:00,575.0,47.0,C104183,Line-1--1,158.0,670.0,1.1652173913043478,18.75,0.2,0.86,0.214,0.015,0.016,0.3433333333333334,202.64061064593304,273.371456167646,21.007804,395.7789547482015,158.72050012345989,20.957804,1004.0723503588517,25.139097761952577,174.1710967625899,266.1566934758991,972.0567677033492,5.508283885618548,0.0,0.0,550.1046097368421,210.70225805200317,1085.754065789474,0.30247233236845056,1129.0293433014353,0.2461325208272043,13.47894822368421,0.06525915905517268,12.718655217703349,0.07873112359462213,13.47894822368421,0.06525915905517268,12.417564583732057,0.08448797182871873,425.33665088516744,4.426181051019465,431.41966677033497,3.9378203510458865,13.492606004796162,0.06536247324299387,12.923757735011993,0.07451574292639465,13.492606004796162,0.06536247324299387,446.00642105515584,2.1905390015356705,444.22647640287767,4.90132076366446,13.118671523980817,0.06735994842303182
2025-07-20 11:11:00,611.0,49.0,C104183,Line-2--6,158.0,702.0,1.148936170212766,20.0,0.18,0.87,0.206,0.014,0.012,0.3249999999999999,202.64061064593304,273.371456167646,21.007804,395.7789547482015,158.72050012345989,20.957804,1004.0723503588517,25.139097761952577,174.1710967625899,266.1566934758991,972.0567677033492,5.508283885618548,0.0,0.0,550.1046097368421,210.70225805200317,1085.754065789474,0.30247233236845056,1129.0293433014353,0.2461325208272043,13.47894822368421,0.06525915905517268,12.718655217703349,0.07873112359462213,13.47894822368421,0.06525915905517268,12.417564583732057,0.08448797182871873,425.33665088516744,4.426181051019465,431.41966677033497,3.9378203510458865,13.492606004796162,0.06536247324299387,12.923757735011993,0.07451574292639465,13.492606004796162,0.06536247324299387,446.00642105515584,2.1905390015356705,444.22647640287767,4.90132076366446,13.118671523980817,0.06735994842303182
2025-07-20 11:51:00,565.0,51.0,C104188,Line-2--2,223.0,677.0,1.1982300884955752,20.375,0.22,0.84,0.216,0.013,0.009,0.36,241.89355697420334,281.027694422924,32.867373,414.5228412688822,159.18324943367165,33.017373,700.0,0.0,183.13409490936556,269.3555289337111,903.9818463884674,204.40160188169176,0.0,0.0,448.6633494081942,0.004094549655731295,1061.2540936267071,0.3782636899955505,1109.216342488619,0.18407747291270043,13.508833220030349,0.05568928796152809,12.748090793626707,0.06794450920236793,13.508833220030349,0.05568928796152809,12.446793699544765,0.07340707279294095,425.76985902883155,3.781488803068146,430.0309293474962,3.9888362307625265,13.52181373489426,0.055852105212812315,12.952740043051357,0.06493051807643895,13.52181373489426,0.055852105212812315,445.61517249244713,2.0347396688647232,442.26008818731117,4.070809596362525,13.150567595166162,0.05812762025254353
2025-07-20 11:51:00,557.0,52.0,C104188,Line-2--4,223.0,673.0,1.208258527827648,21.0,0.2,0.85,0.209,0.015,0.014,0.3416666666666667,241.89355697420334,281.027694422924,32.867373,414.5228412688822,159.18324943367165,33.017373,700.0,0.0,183.13409490936556,269.3555289337111,903.9818463884674,204.40160188169176,0.0,0.0,448.6633494081942,0.004094549655731295,1061.2540936267071,0.3782636899955505,1109.216342488619,0.18407747291270043,13.508833220030349,0.05568928796152809,12.748090793626707,0.06794450920236793,13.508833220030349,0.05568928796152809,12.446793699544765,0.07340707279294095,425.76985902883155,3.781488803068146,430.0309293474962,3.9888362307625265,13.52181373489426,0.055852105212812315,12.952740043051357,0.06493051807643895,13.52181373489426,0.055852105212812315,445.61517249244713,2.0347396688647232,442.26008818731117,4.070809596362525,13.150567595166162,0.05812762025254353
2025-07-20 11:51:00,589.0,53.0,C104188,Line-1--1,223.0,697.0,1.1833616298811545,19.250000000000007,0.22,0.84,0.223,0.014,0.01,0.36,241.89355697420334,281.027694422924,32.867373,414.5228412688822,159.18324943367165,33.017373,700.0,0.0,183.13409490936556,269.3555289337111,903.9818463884674,204.40160188169176,0.0,0.0,448.6633494081942,0.004094549655731295,1061.2540936267071,0.3782636899955505,1109.216342488619,0.18407747291270043,13.508833220030349,0.05568928796152809,12.748090793626707,0.06794450920236793,13.508833220030349,0.05568928796152809,12.446793699544765,0.07340707279294095,425.76985902883155,3.781488803068146,430.0309293474962,3.9888362307625265,13.52181373489426,0.055852105212812315,12.952740043051357,0.06493051807643895,13.52181373489426,0.055852105212812315,445.61517249244713,2.0347396688647232,442.26008818731117,4.070809596362525,13.150567595166162,0.05812762025254353
2025-07-20 11:51:00,590.0,54.0,C104188,Line-1--3,223.0,701.0,1.188135593220339,18.874999999999996,0.23,0.84,0.222,0.015,0.01,0.37,241.89355697420334,281.027694422924,32.867373,414.5228412688822,159.18324943367165,33.017373,700.0,0.0,183.13409490936556,269.3555289337111,903.9818463884674,204.40160188169176,0.0,0.0,448.6633494081942,0.004094549655731295,1061.2540936267071,0.3782636899955505,1109.216342488619,0.18407747291270043,13.508833220030349,0.05568928796152809,12.748090793626707,0.06794450920236793,13.508833220030349,0.05568928796152809,12.446793699544765,0.07340707279294095,425.76985902883155,3.781488803068146,430.0309293474962,3.9888362307625265,13.52181373489426,0.055852105212812315,12.952740043051357,0.06493051807643895,13.52181373489426,0.055852105212812315,445.61517249244713,2.0347396688647232,442.26008818731117,4.070809596362525,13.150567595166162,0.05812762025254353
2025-07-20 12:04:00,602.0,55.0,C104188,Line-1--1,224.0,709.0,1.1777408637873754,19.250000000000007,0.2,0.83,0.204,0.015,0.015,0.3383333333333334,241.31116743939396,279.9082741261554,32.947076,409.64656892749247,158.91190389004962,33.047076,700.0,0.0,179.9456353851964,267.76440363424877,891.8734043484849,215.2918206872513,0.0,0.0,448.67395731818186,0.003743765470557619,1042.5654268181818,0.49823989592638246,1096.0212931818182,0.4321903685737078,13.558180400757578,0.05295081168675717,12.795200608333333,0.06380085595792852,13.558180400757578,0.05295081168675717,12.493104399242425,0.07028529239000929,425.3875399848485,2.796938879103352,431.2495777272727,3.9380848876906707,13.572087852719035,0.0533830305609989,13.002618538519638,0.06185040977242637,13.572087852719035,0.0533830305609989,446.06835466767365,1.9982841460626308,443.4230367522659,4.1952545988947465,13.19669414879154,0.055375641000099035
2025-07-20 12:04:00,593.0,56.0,C104188,Line-1--3,224.0,702.0,1.1838111298482294,19.625000000000004,0.23,0.85,0.224,0.015,0.01,0.3716666666666667,241.31116743939396,279.9082741261554,32.947076,409.64656892749247,158.91190389004962,33.047076,700.0,0.0,179.9456353851964,267.76440363424877,891.8734043484849,215.2918206872513,0.0,0.0,448.67395731818186,0.003743765470557619,1042.5654268181818,0.49823989592638246,1096.0212931818182,0.4321903685737078,13.558180400757578,0.05295081168675717,12.795200608333333,0.06380085595792852,13.558180400757578,0.05295081168675717,12.493104399242425,0.07028529239000929,425.3875399848485,2.796938879103352,431.2495777272727,3.9380848876906707,13.572087852719035,0.0533830305609989,13.002618538519638,0.06185040977242637,13.572087852719035,0.0533830305609989,446.06835466767365,1.9982841460626308,443.4230367522659,4.1952545988947465,13.19669414879154,0.055375641000099035
2025-07-20 12:04:00,563.0,57.0,C104188,Line-2--6,224.0,676.0,1.2007104795737122,21.25,0.2,0.82,0.211,0.023,0.016,0.3366666666666666,241.31116743939396,279.9082741261554,32.947076,409.64656892749247,158.91190389004962,33.047076,700.0,0.0,179.9456353851964,267.76440363424877,891.8734043484849,215.2918206872513,0.0,0.0,448.67395731818186,0.003743765470557619,1042.5654268181818,0.49823989592638246,1096.0212931818182,0.4321903685737078,13.558180400757578,0.05295081168675717,12.795200608333333,0.06380085595792852,13.558180400757578,0.05295081168675717,12.493104399242425,0.07028529239000929,425.3875399848485,2.796938879103352,431.2495777272727,3.9380848876906707,13.572087852719035,0.0533830305609989,13.002618538519638,0.06185040977242637,13.572087852719035,0.0533830305609989,446.06835466767365,1.9982841460626308,443.4230367522659,4.1952545988947465,13.19669414879154,0.055375641000099035
2025-07-20 12:04:00,567.0,58.0,C104188,Line-2--8,224.0,677.0,1.1940035273368608,20.375,0.22,0.84,0.216,0.015,0.01,0.36,241.31116743939396,279.9082741261554,32.947076,409.64656892749247,158.91190389004962,33.047076,700.0,0.0,179.9456353851964,267.76440363424877,891.8734043484849,215.2918206872513,0.0,0.0,448.67395731818186,0.003743765470557619,1042.5654268181818,0.49823989592638246,1096.0212931818182,0.4321903685737078,13.558180400757578,0.05295081168675717,12.795200608333333,0.06380085595792852,13.558180400757578,0.05295081168675717,12.493104399242425,0.07028529239000929,425.3875399848485,2.796938879103352,431.2495777272727,3.9380848876906707,13.572087852719035,0.0533830305609989,13.002618538519638,0.06185040977242637,13.572087852719035,0.0533830305609989,446.06835466767365,1.9982841460626308,443.4230367522659,4.1952545988947465,13.19669414879154,0.055375641000099035
2025-07-21 10:21:00,614.0,66.0,C104247,Line-1--3,347.0,717.0,1.1677524429967427,18.0,0.23,0.85,0.226,0.01,0.014,0.3716666666666667,237.55806803241487,279.8319024022696,30.759982,399.5780218800648,159.10930655029298,30.759982,923.2459202593193,143.33976004681324,168.91779729983793,265.0610287221647,960.2801217179904,125.04086418411761,0.0,0.0,685.7589424635331,272.4973638680501,1064.9460873581847,0.09139523117474037,1110.298077147488,0.08933996545899313,13.88482221636953,0.046106086282502366,12.57935316936791,0.06530545356215428,13.88482221636953,0.046106086282502366,10.950042979740681,0.08670363388938317,422.091170178282,3.892932619555947,405.276222204214,3.2143173265453338,13.903114145056726,0.04623602510137463,13.371546397082655,0.05216011420869537,13.903114145056726,0.04623602510137463,399.08659241491085,1.988432831120549,426.99704348460284,3.314913414614219,13.60470648865478,0.048653656213766674
2025-07-21 10:21:00,616.0,65.0,C104247,Line-1--1,347.0,720.0,1.1688311688311688,17.625,0.23,0.85,0.231,0.012,0.015,0.3716666666666667,237.55806803241487,279.8319024022696,30.759982,399.5780218800648,159.10930655029298,30.759982,923.2459202593193,143.33976004681324,168.91779729983793,265.0610287221647,960.2801217179904,125.04086418411761,0.0,0.0,685.7589424635331,272.4973638680501,1064.9460873581847,0.09139523117474037,1110.298077147488,0.08933996545899313,13.88482221636953,0.046106086282502366,12.57935316936791,0.06530545356215428,13.88482221636953,0.046106086282502366,10.950042979740681,0.08670363388938317,422.091170178282,3.892932619555947,405.276222204214,3.2143173265453338,13.903114145056726,0.04623602510137463,13.371546397082655,0.05216011420869537,13.903114145056726,0.04623602510137463,399.08659241491085,1.988432831120549,426.99704348460284,3.314913414614219,13.60470648865478,0.048653656213766674
2025-07-21 10:21:00,599.0,64.0,C104247,Line-2--4,347.0,701.0,1.1702838063439065,20.5,0.24,0.84,0.232,0.011,0.015,0.38,237.55806803241487,279.8319024022696,30.759982,399.5780218800648,159.10930655029298,30.759982,923.2459202593193,143.33976004681324,168.91779729983793,265.0610287221647,960.2801217179904,125.04086418411761,0.0,0.0,685.7589424635331,272.4973638680501,1064.9460873581847,0.09139523117474037,1110.298077147488,0.08933996545899313,13.88482221636953,0.046106086282502366,12.57935316936791,0.06530545356215428,13.88482221636953,0.046106086282502366,10.950042979740681,0.08670363388938317,422.091170178282,3.892932619555947,405.276222204214,3.2143173265453338,13.903114145056726,0.04623602510137463,13.371546397082655,0.05216011420869537,13.903114145056726,0.04623602510137463,399.08659241491085,1.988432831120549,426.99704348460284,3.314913414614219,13.60470648865478,0.048653656213766674
2025-07-21 10:21:00,608.0,63.0,C104247,Line-2--2,347.0,710.0,1.167763157894737,20.25,0.23,0.84,0.219,0.01,0.014,0.37,237.55806803241487,279.8319024022696,30.759982,399.5780218800648,159.10930655029298,30.759982,923.2459202593193,143.33976004681324,168.91779729983793,265.0610287221647,960.2801217179904,125.04086418411761,0.0,0.0,685.7589424635331,272.4973638680501,1064.9460873581847,0.09139523117474037,1110.298077147488,0.08933996545899313,13.88482221636953,0.046106086282502366,12.57935316936791,0.06530545356215428,13.88482221636953,0.046106086282502366,10.950042979740681,0.08670363388938317,422.091170178282,3.892932619555947,405.276222204214,3.2143173265453338,13.903114145056726,0.04623602510137463,13.371546397082655,0.05216011420869537,13.903114145056726,0.04623602510137463,399.08659241491085,1.988432831120549,426.99704348460284,3.314913414614219,13.60470648865478,0.048653656213766674
2025-07-21 10:33:00,605.0,67.0,C104247,Line-1--1,348.0,711.0,1.175206611570248,18.25,0.22,0.86,0.221,0.017,0.012,0.3633333333333333,0.0,0.0,6.6,254.0144467424242,7.564855317956181,6.55,1015.8419511278197,9.534248572452135,0.0,0.0,983.4983181954887,5.062943447947237,0.0,0.0,448.6903816541353,0.003085385438425435,1051.635757894737,0.02112719492103987,1102.287602255639,0.04234295130452707,13.926730631578948,0.07310403680504092,12.581462947368424,0.09719557904775837,13.926730631578948,0.07310403680504092,10.896945860902257,0.11437205649292921,431.1867427819549,5.343276441625856,411.96860142857145,2.8277451709429418,13.948368143939394,0.07339199036678457,13.40312680681818,0.08116995734755578,13.948368143939394,0.07339199036678457,403.81049946969694,2.0150231205634013,433.60677469696975,3.220394095804468,13.644410079545455,0.07609273030016533
2025-07-21 10:33:00,606.0,68.0,C104247,Line-1--3,348.0,709.0,1.16996699669967,17.5,0.23,0.85,0.227,0.015,0.015,0.3716666666666667,0.0,0.0,6.6,254.0144467424242,7.564855317956181,6.55,1015.8419511278197,9.534248572452135,0.0,0.0,983.4983181954887,5.062943447947237,0.0,0.0,448.6903816541353,0.003085385438425435,1051.635757894737,0.02112719492103987,1102.287602255639,0.04234295130452707,13.926730631578948,0.07310403680504092,12.581462947368424,0.09719557904775837,13.926730631578948,0.07310403680504092,10.896945860902257,0.11437205649292921,431.1867427819549,5.343276441625856,411.96860142857145,2.8277451709429418,13.948368143939394,0.07339199036678457,13.40312680681818,0.08116995734755578,13.948368143939394,0.07339199036678457,403.81049946969694,2.0150231205634013,433.60677469696975,3.220394095804468,13.644410079545455,0.07609273030016533
2025-07-21 10:33:00,596.0,69.0,C104247,Line-2--6,348.0,698.0,1.1711409395973154,16.875,0.21,0.76,0.207,0.029,0.011,0.3366666666666666,0.0,0.0,6.6,254.0144467424242,7.564855317956181,6.55,1015.8419511278197,9.534248572452135,0.0,0.0,983.4983181954887,5.062943447947237,0.0,0.0,448.6903816541353,0.003085385438425435,1051.635757894737,0.02112719492103987,1102.287602255639,0.04234295130452707,13.926730631578948,0.07310403680504092,12.581462947368424,0.09719557904775837,13.926730631578948,0.07310403680504092,10.896945860902257,0.11437205649292921,431.1867427819549,5.343276441625856,411.96860142857145,2.8277451709429418,13.948368143939394,0.07339199036678457,13.40312680681818,0.08116995734755578,13.948368143939394,0.07339199036678457,403.81049946969694,2.0150231205634013,433.60677469696975,3.220394095804468,13.644410079545455,0.07609273030016533
2025-07-21 10:33:00,589.0,70.0,C104247,Line-2-8,348.0,694.0,1.178268251273345,19.875,0.23,0.8,0.225,0.009,0.018,0.3633333333333333,0.0,0.0,6.6,254.0144467424242,7.564855317956181,6.55,1015.8419511278197,9.534248572452135,0.0,0.0,983.4983181954887,5.062943447947237,0.0,0.0,448.6903816541353,0.003085385438425435,1051.635757894737,0.02112719492103987,1102.287602255639,0.04234295130452707,13.926730631578948,0.07310403680504092,12.581462947368424,0.09719557904775837,13.926730631578948,0.07310403680504092,10.896945860902257,0.11437205649292921,431.1867427819549,5.343276441625856,411.96860142857145,2.8277451709429418,13.948368143939394,0.07339199036678457,13.40312680681818,0.08116995734755578,13.948368143939394,0.07339199036678457,403.81049946969694,2.0150231205634013,433.60677469696975,3.220394095804468,13.644410079545455,0.07609273030016533
2025-07-21 12:53:00,598.0,71.0,C104252,Line-2--2,546.0,701.0,1.1722408026755853,21.0,0.24,0.85,0.223,0.019,0.013,0.3816666666666666,240.46646449165402,281.57064882567425,32.963631,424.5998546142209,162.33918147250856,33.063631,700.0,0.0,265.65207611800304,292.5615555024545,914.3345571168437,190.2049261195699,0.0,0.0,448.6898802427921,0.0034701855545353783,1087.8334980273141,0.056325420730068,1130.5690585735963,0.041512791434369554,13.98426075569044,0.04591317586659391,12.66202459939302,0.06701507563585285,13.98426075569044,0.04591317586659391,11.014830064491655,0.08230269303074148,427.10571640364185,4.293101059909175,407.5191294688923,3.0553778818489823,14.000869142965204,0.044605965015083834,13.44432210816944,0.05043973440898064,14.000869142965204,0.044605965015083834,404.0957059304085,2.680992573811661,436.588040892587,3.2242646490523166,13.699509362329804,0.04755202786152377
2025-07-21 12:53:00,601.0,72.0,C104252,Line-2--4,546.0,705.0,1.173044925124792,20.5,0.23,0.85,0.201,0.017,0.02,0.3716666666666667,240.46646449165402,281.57064882567425,32.963631,424.5998546142209,162.33918147250856,33.063631,700.0,0.0,265.65207611800304,292.5615555024545,914.3345571168437,190.2049261195699,0.0,0.0,448.6898802427921,0.0034701855545353783,1087.8334980273141,0.056325420730068,1130.5690585735963,0.041512791434369554,13.98426075569044,0.04591317586659391,12.66202459939302,0.06701507563585285,13.98426075569044,0.04591317586659391,11.014830064491655,0.08230269303074148,427.10571640364185,4.293101059909175,407.5191294688923,3.0553778818489823,14.000869142965204,0.044605965015083834,13.44432210816944,0.05043973440898064,14.000869142965204,0.044605965015083834,404.0957059304085,2.680992573811661,436.588040892587,3.2242646490523166,13.699509362329804,0.04755202786152377
2025-07-21 12:53:00,612.0,73.0,C104252,Line-1--1,546.0,712.0,1.1633986928104576,22.25,0.22,0.86,0.205,0.017,0.019,0.3633333333333333,240.46646449165402,281.57064882567425,32.963631,424.5998546142209,162.33918147250856,33.063631,700.0,0.0,265.65207611800304,292.5615555024545,914.3345571168437,190.2049261195699,0.0,0.0,448.6898802427921,0.0034701855545353783,1087.8334980273141,0.056325420730068,1130.5690585735963,0.041512791434369554,13.98426075569044,0.04591317586659391,12.66202459939302,0.06701507563585285,13.98426075569044,0.04591317586659391,11.014830064491655,0.08230269303074148,427.10571640364185,4.293101059909175,407.5191294688923,3.0553778818489823,14.000869142965204,0.044605965015083834,13.44432210816944,0.05043973440898064,14.000869142965204,0.044605965015083834,404.0957059304085,2.680992573811661,436.588040892587,3.2242646490523166,13.699509362329804,0.04755202786152377
2025-07-21 12:53:00,613.0,74.0,C104252,Line-1--3,546.0,713.0,1.163132137030995,18.75,0.22,0.87,0.213,0.011,0.02,0.365,240.46646449165402,281.57064882567425,32.963631,424.5998546142209,162.33918147250856,33.063631,700.0,0.0,265.65207611800304,292.5615555024545,914.3345571168437,190.2049261195699,0.0,0.0,448.6898802427921,0.0034701855545353783,1087.8334980273141,0.056325420730068,1130.5690585735963,0.041512791434369554,13.98426075569044,0.04591317586659391,12.66202459939302,0.06701507563585285,13.98426075569044,0.04591317586659391,11.014830064491655,0.08230269303074148,427.10571640364185,4.293101059909175,407.5191294688923,3.0553778818489823,14.000869142965204,0.044605965015083834,13.44432210816944,0.05043973440898064,14.000869142965204,0.044605965015083834,404.0957059304085,2.680992573811661,436.588040892587,3.2242646490523166,13.699509362329804,0.04755202786152377
2025-07-21 13:03:00,610.0,75.0,C104252,Line-1--1,547.0,715.0,1.1721311475409837,19.75,0.23,0.85,0.206,0.017,0.02,0.3716666666666667,231.13081121306377,277.98152014705107,32.252289,387.97545434579433,154.0656885014507,32.202289,700.0,0.0,225.67181060747663,282.410320677668,895.9713503421463,212.9243884852572,0.0,0.0,686.2966349144634,278.09823079518156,1090.061374805599,0.1211188121390444,1119.8197575427682,0.051220160235164874,13.89491878771384,0.04591330287891737,12.581865080093312,0.06822939197359619,13.89491878771384,0.04591330287891737,10.931078020217727,0.08830993114427586,424.24715059097974,3.667470957758257,406.16977275272166,3.706306066855306,13.911542155763238,0.04505626590502259,13.358121381619936,0.05101295779116291,13.911542155763238,0.04505626590502259,402.55344605919004,3.140020170744341,436.6859105919003,3.2587271675225287,13.612944734423676,0.04726185865060679
2025-07-21 13:03:00,606.0,76.0,C104252,Line-1--3,547.0,711.0,1.1732673267326732,19.25,0.22,0.83,0.203,0.01,0.021,0.3583333333333333,231.13081121306377,277.98152014705107,32.252289,387.97545434579433,154.0656885014507,32.202289,700.0,0.0,225.67181060747663,282.410320677668,895.9713503421463,212.9243884852572,0.0,0.0,686.2966349144634,278.09823079518156,1090.061374805599,0.1211188121390444,1119.8197575427682,0.051220160235164874,13.89491878771384,0.04591330287891737,12.581865080093312,0.06822939197359619,13.89491878771384,0.04591330287891737,10.931078020217727,0.08830993114427586,424.24715059097974,3.667470957758257,406.16977275272166,3.706306066855306,13.911542155763238,0.04505626590502259,13.358121381619936,0.05101295779116291,13.911542155763238,0.04505626590502259,402.55344605919004,3.140020170744341,436.6859105919003,3.2587271675225287,13.612944734423676,0.04726185865060679
2025-07-21 13:03:00,595.0,77.0,C104252,Line-2--6,547.0,702.0,1.1798319327731093,20.25,0.23,0.84,0.208,0.017,0.022,0.37,231.13081121306377,277.98152014705107,32.252289,387.97545434579433,154.0656885014507,32.202289,700.0,0.0,225.67181060747663,282.410320677668,895.9713503421463,212.9243884852572,0.0,0.0,686.2966349144634,278.09823079518156,1090.061374805599,0.1211188121390444,1119.8197575427682,0.051220160235164874,13.89491878771384,0.04591330287891737,12.581865080093312,0.06822939197359619,13.89491878771384,0.04591330287891737,10.931078020217727,0.08830993114427586,424.24715059097974,3.667470957758257,406.16977275272166,3.706306066855306,13.911542155763238,0.04505626590502259,13.358121381619936,0.05101295779116291,13.911542155763238,0.04505626590502259,402.55344605919004,3.140020170744341,436.6859105919003,3.2587271675225287,13.612944734423676,0.04726185865060679
2025-07-21 13:03:00,592.0,78.0,C104252,Line-2-8,547.0,697.0,1.177364864864865,20.0,0.23,0.86,0.211,0.017,0.02,0.3733333333333333,231.13081121306377,277.98152014705107,32.252289,387.97545434579433,154.0656885014507,32.202289,700.0,0.0,225.67181060747663,282.410320677668,895.9713503421463,212.9243884852572,0.0,0.0,686.2966349144634,278.09823079518156,1090.061374805599,0.1211188121390444,1119.8197575427682,0.051220160235164874,13.89491878771384,0.04591330287891737,12.581865080093312,0.06822939197359619,13.89491878771384,0.04591330287891737,10.931078020217727,0.08830993114427586,424.24715059097974,3.667470957758257,406.16977275272166,3.706306066855306,13.911542155763238,0.04505626590502259,13.358121381619936,0.05101295779116291,13.911542155763238,0.04505626590502259,402.55344605919004,3.140020170744341,436.6859105919003,3.2587271675225287,13.612944734423676,0.04726185865060679
2025-07-22 10:22:00,581.0,81.0,C104299,Line-2--6,186.0,674.0,1.1600688468158349,19.875000000000007,0.23,0.86,0.218,0.013,0.016,0.3733333333333333,0.0,0.0,4.7,250.30382000000012,1.142964229906831e-13,4.65,1021.1455473684209,14.754126332042887,0.0,0.0,985.8405770526317,2.4125836927032394,0.0,0.0,451.09727084210533,0.3874942246423794,1119.0290547368422,0.02696504738565884,1139.5439926315796,0.010417908497795187,13.836491368421054,0.08644440374221367,11.259691994736846,0.1319372327624915,13.836491368421054,0.08644440374221367,9.560826094736841,0.12399279049763282,413.44760947368434,2.8907530362767657,368.59347136842086,1.123526315926789,13.842424627659579,0.08551161363657481,13.1621612606383,0.09367887952639654,13.842424627659579,0.08551161363657481,427.08344563829786,1.8617225436615283,475.23862755319135,1.638253937998338,13.09872859574468,0.1004454994364294
2025-07-22 10:22:00,577.0,82.0,C104299,Line-2--8,186.0,666.0,1.1542461005199307,22.624999999999996,0.2,0.85,0.211,0.024,0.013,0.3416666666666667,0.0,0.0,4.7,250.30382000000012,1.142964229906831e-13,4.65,1021.1455473684209,14.754126332042887,0.0,0.0,985.8405770526317,2.4125836927032394,0.0,0.0,451.09727084210533,0.3874942246423794,1119.0290547368422,0.02696504738565884,1139.5439926315796,0.010417908497795187,13.836491368421054,0.08644440374221367,11.259691994736846,0.1319372327624915,13.836491368421054,0.08644440374221367,9.560826094736841,0.12399279049763282,413.44760947368434,2.8907530362767657,368.59347136842086,1.123526315926789,13.842424627659579,0.08551161363657481,13.1621612606383,0.09367887952639654,13.842424627659579,0.08551161363657481,427.08344563829786,1.8617225436615283,475.23862755319135,1.638253937998338,13.09872859574468,0.1004454994364294
2025-07-22 10:22:00,589.0,79.0,C104299,Line-1--1,186.0,678.0,1.1511035653650254,19.000000000000004,0.2,0.82,0.199,0.024,0.013,0.3366666666666666,0.0,0.0,4.7,250.30382000000012,1.142964229906831e-13,4.65,1021.1455473684209,14.754126332042887,0.0,0.0,985.8405770526317,2.4125836927032394,0.0,0.0,451.09727084210533,0.3874942246423794,1119.0290547368422,0.02696504738565884,1139.5439926315796,0.010417908497795187,13.836491368421054,0.08644440374221367,11.259691994736846,0.1319372327624915,13.836491368421054,0.08644440374221367,9.560826094736841,0.12399279049763282,413.44760947368434,2.8907530362767657,368.59347136842086,1.123526315926789,13.842424627659579,0.08551161363657481,13.1621612606383,0.09367887952639654,13.842424627659579,0.08551161363657481,427.08344563829786,1.8617225436615283,475.23862755319135,1.638253937998338,13.09872859574468,0.1004454994364294
2025-07-22 10:22:00,590.0,80.0,C104299,Line-1--3,186.0,679.0,1.1508474576271186,19.499999999999996,0.2,0.68,0.151,0.027,0.017,0.3133333333333333,0.0,0.0,4.7,250.30382000000012,1.142964229906831e-13,4.65,1021.1455473684209,14.754126332042887,0.0,0.0,985.8405770526317,2.4125836927032394,0.0,0.0,451.09727084210533,0.3874942246423794,1119.0290547368422,0.02696504738565884,1139.5439926315796,0.010417908497795187,13.836491368421054,0.08644440374221367,11.259691994736846,0.1319372327624915,13.836491368421054,0.08644440374221367,9.560826094736841,0.12399279049763282,413.44760947368434,2.8907530362767657,368.59347136842086,1.123526315926789,13.842424627659579,0.08551161363657481,13.1621612606383,0.09367887952639654,13.842424627659579,0.08551161363657481,427.08344563829786,1.8617225436615283,475.23862755319135,1.638253937998338,13.09872859574468,0.1004454994364294
2025-07-22 10:50:00,565.0,83.0,C104299,Line-2--2,223.0,685.0,1.2123893805309736,20.875000000000004,0.25,0.81,0.22,0.01,0.022,0.385,258.39961516,292.40249555340847,30.979695,509.77537352564104,155.09537401736756,30.929695,700.0,0.0,445.7521981570513,246.08222622821037,902.4186181919999,213.71044734286482,0.0,0.0,448.65036206400003,0.0030526333307958134,1081.40401184,1.0845629345474987,1121.2368752,0.45767620248716717,13.8825366936,0.05033773120796359,11.403069495199999,0.09157242478879919,13.8825366936,0.05033773120796359,9.7282107688,0.0990322156050524,404.54785812800003,3.527991257573985,362.83760998400004,2.6059348137239944,13.887641472756409,0.04909094834725113,13.229023748397436,0.056963825289835235,13.887641472756409,0.04909094834725113,419.56610269230765,2.8116526745050088,465.0426429807693,4.222169511910665,13.162400112980771,0.053753676705206956
2025-07-22 10:50:00,574.0,84.0,C104299,Line-2--4,223.0,691.0,1.2038327526132404,21.999999999999996,0.23,0.83,0.228,0.014,0.017,0.3683333333333333,258.39961516,292.40249555340847,30.979695,509.77537352564104,155.09537401736756,30.929695,700.0,0.0,445.7521981570513,246.08222622821037,902.4186181919999,213.71044734286482,0.0,0.0,448.65036206400003,0.0030526333307958134,1081.40401184,1.0845629345474987,1121.2368752,0.45767620248716717,13.8825366936,0.05033773120796359,11.403069495199999,0.09157242478879919,13.8825366936,0.05033773120796359,9.7282107688,0.0990322156050524,404.54785812800003,3.527991257573985,362.83760998400004,2.6059348137239944,13.887641472756409,0.04909094834725113,13.229023748397436,0.056963825289835235,13.887641472756409,0.04909094834725113,419.56610269230765,2.8116526745050088,465.0426429807693,4.222169511910665,13.162400112980771,0.053753676705206956
2025-07-22 10:50:00,588.0,85.0,C104299,Line-1--1,223.0,705.0,1.1989795918367347,21.0,0.24,0.82,0.234,0.015,0.021,0.3766666666666666,258.39961516,292.40249555340847,30.979695,509.77537352564104,155.09537401736756,30.929695,700.0,0.0,445.7521981570513,246.08222622821037,902.4186181919999,213.71044734286482,0.0,0.0,448.65036206400003,0.0030526333307958134,1081.40401184,1.0845629345474987,1121.2368752,0.45767620248716717,13.8825366936,0.05033773120796359,11.403069495199999,0.09157242478879919,13.8825366936,0.05033773120796359,9.7282107688,0.0990322156050524,404.54785812800003,3.527991257573985,362.83760998400004,2.6059348137239944,13.887641472756409,0.04909094834725113,13.229023748397436,0.056963825289835235,13.887641472756409,0.04909094834725113,419.56610269230765,2.8116526745050088,465.0426429807693,4.222169511910665,13.162400112980771,0.053753676705206956
2025-07-22 10:50:00,584.0,86.0,C104299,Line-1-3,223.0,702.0,1.202054794520548,17.750000000000004,0.25,0.85,0.229,0.014,0.022,0.3916666666666666,258.39961516,292.40249555340847,30.979695,509.77537352564104,155.09537401736756,30.929695,700.0,0.0,445.7521981570513,246.08222622821037,902.4186181919999,213.71044734286482,0.0,0.0,448.65036206400003,0.0030526333307958134,1081.40401184,1.0845629345474987,1121.2368752,0.45767620248716717,13.8825366936,0.05033773120796359,11.403069495199999,0.09157242478879919,13.8825366936,0.05033773120796359,9.7282107688,0.0990322156050524,404.54785812800003,3.527991257573985,362.83760998400004,2.6059348137239944,13.887641472756409,0.04909094834725113,13.229023748397436,0.056963825289835235,13.887641472756409,0.04909094834725113,419.56610269230765,2.8116526745050088,465.0426429807693,4.222169511910665,13.162400112980771,0.053753676705206956
2025-07-22 11:30:00,570.0,113.0,C104440,Line-2--6,414.0,680.0,1.1929824561403508,20.0,0.25,0.86,0.224,0.019,0.02,0.3933333333333333,237.55838976315792,289.57631851768383,30.218056,506.39229037828943,156.99654695424823,30.218056,916.6955813157896,149.43554970471632,453.70518448355267,248.37231399632742,922.8433141282895,197.48956882662182,0.0,0.0,687.2995213651316,273.34993222487515,1074.20759375,0.4237065444105692,1115.5574365131579,0.272748250264019,13.848637917763156,0.05333681795025949,11.388740455592105,0.0932845288319558,13.848637917763156,0.05333681795025949,9.72390353700658,0.09814426268441395,403.08809467105266,4.146944054397332,362.99013416118424,2.5741289201035173,13.851790754111843,0.05277421947562971,13.186440945723684,0.06121250038914267,13.851790754111843,0.05277421947562971,419.1424595394737,3.2958242331086782,466.10886424342107,3.7492466747941653,13.12931729523026,0.059161720648979295
2025-07-22 11:30:00,569.0,114.0,C104440,Line-2--8,414.0,680.0,1.195079086115993,21.75,0.25,0.87,0.229,0.019,0.02,0.395,237.55838976315792,289.57631851768383,30.218056,506.39229037828943,156.99654695424823,30.218056,916.6955813157896,149.43554970471632,453.70518448355267,248.37231399632742,922.8433141282895,197.48956882662182,0.0,0.0,687.2995213651316,273.34993222487515,1074.20759375,0.4237065444105692,1115.5574365131579,0.272748250264019,13.848637917763156,0.05333681795025949,11.388740455592105,0.0932845288319558,13.848637917763156,0.05333681795025949,9.72390353700658,0.09814426268441395,403.08809467105266,4.146944054397332,362.99013416118424,2.5741289201035173,13.851790754111843,0.05277421947562971,13.186440945723684,0.06121250038914267,13.851790754111843,0.05277421947562971,419.1424595394737,3.2958242331086782,466.10886424342107,3.7492466747941653,13.12931729523026,0.059161720648979295
2025-07-22 11:30:00,564.0,111.0,C104440,Line-1--1,414.0,683.0,1.2109929078014183,19.875,0.24,0.78,0.182,0.02,0.014,0.37,237.55838976315792,289.57631851768383,30.218056,506.39229037828943,156.99654695424823,30.218056,916.6955813157896,149.43554970471632,453.70518448355267,248.37231399632742,922.8433141282895,197.48956882662182,0.0,0.0,687.2995213651316,273.34993222487515,1074.20759375,0.4237065444105692,1115.5574365131579,0.272748250264019,13.848637917763156,0.05333681795025949,11.388740455592105,0.0932845288319558,13.848637917763156,0.05333681795025949,9.72390353700658,0.09814426268441395,403.08809467105266,4.146944054397332,362.99013416118424,2.5741289201035173,13.851790754111843,0.05277421947562971,13.186440945723684,0.06121250038914267,13.851790754111843,0.05277421947562971,419.1424595394737,3.2958242331086782,466.10886424342107,3.7492466747941653,13.12931729523026,0.059161720648979295
2025-07-22 11:30:00,564.0,112.0,C104440,Line-1--3,414.0,680.0,1.2056737588652482,19.75,0.25,0.78,0.183,0.02,0.015,0.38,237.55838976315792,289.57631851768383,30.218056,506.39229037828943,156.99654695424823,30.218056,916.6955813157896,149.43554970471632,453.70518448355267,248.37231399632742,922.8433141282895,197.48956882662182,0.0,0.0,687.2995213651316,273.34993222487515,1074.20759375,0.4237065444105692,1115.5574365131579,0.272748250264019,13.848637917763156,0.05333681795025949,11.388740455592105,0.0932845288319558,13.848637917763156,0.05333681795025949,9.72390353700658,0.09814426268441395,403.08809467105266,4.146944054397332,362.99013416118424,2.5741289201035173,13.851790754111843,0.05277421947562971,13.186440945723684,0.06121250038914267,13.851790754111843,0.05277421947562971,419.1424595394737,3.2958242331086782,466.10886424342107,3.7492466747941653,13.12931729523026,0.059161720648979295
2025-07-22 11:48:00,577.0,90.0,C104299,Line-2--8,296.0,675.0,1.169844020797227,21.625,0.23,0.86,0.218,0.022,0.021,0.3733333333333333,164.44178353658538,265.8031351820075,12.25,356.890282244898,155.33211700468303,12.2,1015.13799898374,9.568229984206862,213.6175708163265,261.71436400780163,985.7869010975609,3.291669605050462,0.0,0.0,502.93616695121943,141.85260909835554,1057.735812601626,0.01444213096022674,1100.244555284553,0.05490394834060821,13.768424485772357,0.07079012208837131,11.302895894308943,0.1264107227932554,13.768424485772357,0.07079012208837131,9.62835425203252,0.13375268232816523,404.3531814227642,5.735128676645079,363.4503480894308,2.662527081273253,13.772044969387755,0.07027267171210619,13.103666497959184,0.08054363278045218,13.772044969387755,0.07027267171210619,419.03976146938777,4.146902975942289,468.3775140816327,4.971298722263462,13.049088010204082,0.08086257599532237
2025-07-22 11:48:00,576.0,87.0,C104299,Line-1--1,296.0,672.0,1.1666666666666667,21.750000000000007,0.23,0.86,0.219,0.013,0.021,0.3733333333333333,164.44178353658538,265.8031351820075,12.25,356.890282244898,155.33211700468303,12.2,1015.13799898374,9.568229984206862,213.6175708163265,261.71436400780163,985.7869010975609,3.291669605050462,0.0,0.0,502.93616695121943,141.85260909835554,1057.735812601626,0.01444213096022674,1100.244555284553,0.05490394834060821,13.768424485772357,0.07079012208837131,11.302895894308943,0.1264107227932554,13.768424485772357,0.07079012208837131,9.62835425203252,0.13375268232816523,404.3531814227642,5.735128676645079,363.4503480894308,2.662527081273253,13.772044969387755,0.07027267171210619,13.103666497959184,0.08054363278045218,13.772044969387755,0.07027267171210619,419.03976146938777,4.146902975942289,468.3775140816327,4.971298722263462,13.049088010204082,0.08086257599532237
2025-07-22 11:48:00,585.0,88.0,C104299,Line-1--3,296.0,698.0,1.1931623931623931,17.624999999999993,0.25,0.87,0.225,0.017,0.018,0.395,164.44178353658538,265.8031351820075,12.25,356.890282244898,155.33211700468303,12.2,1015.13799898374,9.568229984206862,213.6175708163265,261.71436400780163,985.7869010975609,3.291669605050462,0.0,0.0,502.93616695121943,141.85260909835554,1057.735812601626,0.01444213096022674,1100.244555284553,0.05490394834060821,13.768424485772357,0.07079012208837131,11.302895894308943,0.1264107227932554,13.768424485772357,0.07079012208837131,9.62835425203252,0.13375268232816523,404.3531814227642,5.735128676645079,363.4503480894308,2.662527081273253,13.772044969387755,0.07027267171210619,13.103666497959184,0.08054363278045218,13.772044969387755,0.07027267171210619,419.03976146938777,4.146902975942289,468.3775140816327,4.971298722263462,13.049088010204082,0.08086257599532237
2025-07-22 11:48:00,585.0,89.0,C104299,Line-2--6,296.0,679.0,1.1606837606837608,21.0,0.23,0.87,0.221,0.023,0.02,0.375,164.44178353658538,265.8031351820075,12.25,356.890282244898,155.33211700468303,12.2,1015.13799898374,9.568229984206862,213.6175708163265,261.71436400780163,985.7869010975609,3.291669605050462,0.0,0.0,502.93616695121943,141.85260909835554,1057.735812601626,0.01444213096022674,1100.244555284553,0.05490394834060821,13.768424485772357,0.07079012208837131,11.302895894308943,0.1264107227932554,13.768424485772357,0.07079012208837131,9.62835425203252,0.13375268232816523,404.3531814227642,5.735128676645079,363.4503480894308,2.662527081273253,13.772044969387755,0.07027267171210619,13.103666497959184,0.08054363278045218,13.772044969387755,0.07027267171210619,419.03976146938777,4.146902975942289,468.3775140816327,4.971298722263462,13.049088010204082,0.08086257599532237
2025-07-22 12:34:00,547.0,91.0,C104305,Line-2--2,347.0,659.0,1.2047531992687386,21.25,0.23,0.82,0.233,0.015,0.021,0.3666666666666667,0.0,0.0,7.9,261.34495421383644,13.99941935348217,7.9,1025.5964569811322,11.978545435551244,62.018061132075466,115.80673078172202,998.5077619496853,3.1293455719163967,0.0,0.0,448.66004547169797,0.0017371316012800941,1088.5515867924526,0.031235200269036444,1123.6607044025154,0.03180611426357763,13.786464893081762,0.07764578577834896,11.300440160377356,0.1342599307249679,13.786464893081762,0.07764578577834896,9.611742449685535,0.13448431960063892,407.21764050314465,5.091475096034324,366.2178656603773,2.6484779194104022,13.789223465408808,0.07791282620441016,13.111945433962259,0.09057655016598873,13.789223465408808,0.07791282620441016,421.6947414465408,4.097669565912417,473.4313424528301,4.953035045054457,13.056726097484278,0.09618823428627978
2025-07-22 12:34:00,555.0,92.0,C104305,Line-2--4,347.0,667.0,1.2018018018018015,21.0,0.24,0.81,0.233,0.015,0.021,0.375,0.0,0.0,7.9,261.34495421383644,13.99941935348217,7.9,1025.5964569811322,11.978545435551244,62.018061132075466,115.80673078172202,998.5077619496853,3.1293455719163967,0.0,0.0,448.66004547169797,0.0017371316012800941,1088.5515867924526,0.031235200269036444,1123.6607044025154,0.03180611426357763,13.786464893081762,0.07764578577834896,11.300440160377356,0.1342599307249679,13.786464893081762,0.07764578577834896,9.611742449685535,0.13448431960063892,407.21764050314465,5.091475096034324,366.2178656603773,2.6484779194104022,13.789223465408808,0.07791282620441016,13.111945433962259,0.09057655016598873,13.789223465408808,0.07791282620441016,421.6947414465408,4.097669565912417,473.4313424528301,4.953035045054457,13.056726097484278,0.09618823428627978
2025-07-22 12:34:00,554.0,93.0,C104305,Line-1--1,347.0,665.0,1.2003610108303249,16.750000000000007,0.24,0.8,0.226,0.012,0.019,0.3733333333333333,0.0,0.0,7.9,261.34495421383644,13.99941935348217,7.9,1025.5964569811322,11.978545435551244,62.018061132075466,115.80673078172202,998.5077619496853,3.1293455719163967,0.0,0.0,448.66004547169797,0.0017371316012800941,1088.5515867924526,0.031235200269036444,1123.6607044025154,0.03180611426357763,13.786464893081762,0.07764578577834896,11.300440160377356,0.1342599307249679,13.786464893081762,0.07764578577834896,9.611742449685535,0.13448431960063892,407.21764050314465,5.091475096034324,366.2178656603773,2.6484779194104022,13.789223465408808,0.07791282620441016,13.111945433962259,0.09057655016598873,13.789223465408808,0.07791282620441016,421.6947414465408,4.097669565912417,473.4313424528301,4.953035045054457,13.056726097484278,0.09618823428627978
2025-07-22 12:34:00,554.0,94.0,C104305,Line-1-3,347.0,663.0,1.1967509025270755,18.000000000000007,0.25,0.81,0.23,0.015,0.021,0.385,0.0,0.0,7.9,261.34495421383644,13.99941935348217,7.9,1025.5964569811322,11.978545435551244,62.018061132075466,115.80673078172202,998.5077619496853,3.1293455719163967,0.0,0.0,448.66004547169797,0.0017371316012800941,1088.5515867924526,0.031235200269036444,1123.6607044025154,0.03180611426357763,13.786464893081762,0.07764578577834896,11.300440160377356,0.1342599307249679,13.786464893081762,0.07764578577834896,9.611742449685535,0.13448431960063892,407.21764050314465,5.091475096034324,366.2178656603773,2.6484779194104022,13.789223465408808,0.07791282620441016,13.111945433962259,0.09057655016598873,13.789223465408808,0.07791282620441016,421.6947414465408,4.097669565912417,473.4313424528301,4.953035045054457,13.056726097484278,0.09618823428627978
2025-07-22 12:51:00,580.0,96.0,C104305,Line-1--3,348.0,684.0,1.179310344827586,21.625,0.25,0.79,0.221,0.016,0.023,0.3816666666666667,222.9511224875622,287.8418877153713,19.990175,457.10736177057356,172.72646024563176,19.940175,1027.9253757711444,22.45987760004485,377.5500939900249,275.4420749827258,997.2459773880597,3.9093370564400995,0.0,0.0,688.4303584577115,275.6917314376056,1075.86952960199,0.15865921538874242,1115.6056383084576,0.027852483247739514,13.95668803358209,0.05767179993127022,11.482898745024876,0.10644650591075679,13.95668803358209,0.05767179993127022,9.782761282338306,0.11083061182057485,404.12772042288555,4.780544198819043,365.68533962686564,2.340621438767824,13.959877422693266,0.056723845720827774,13.28589186658354,0.06597089736400077,13.95986876433915,0.05672062758982584,421.240023042394,3.562816315852773,470.9377428179551,4.58506900904897,13.229605920199502,0.0637528755745269
2025-07-22 12:51:00,562.0,98.0,C104305,Line-2--8,348.0,672.0,1.195729537366548,19.250000000000007,0.25,0.82,0.237,0.015,0.023,0.3866666666666666,222.9511224875622,287.8418877153713,19.990175,457.10736177057356,172.72646024563176,19.940175,1027.9253757711444,22.45987760004485,377.5500939900249,275.4420749827258,997.2459773880597,3.9093370564400995,0.0,0.0,688.4303584577115,275.6917314376056,1075.86952960199,0.15865921538874242,1115.6056383084576,0.027852483247739514,13.95668803358209,0.05767179993127022,11.482898745024876,0.10644650591075679,13.95668803358209,0.05767179993127022,9.782761282338306,0.11083061182057485,404.12772042288555,4.780544198819043,365.68533962686564,2.340621438767824,13.959877422693266,0.056723845720827774,13.28589186658354,0.06597089736400077,13.95986876433915,0.05672062758982584,421.240023042394,3.562816315852773,470.9377428179551,4.58506900904897,13.229605920199502,0.0637528755745269
2025-07-22 12:51:00,569.0,95.0,C104305,Line-1--1,348.0,680.0,1.195079086115993,18.874999999999996,0.25,0.81,0.228,0.015,0.023,0.385,222.9511224875622,287.8418877153713,19.990175,457.10736177057356,172.72646024563176,19.940175,1027.9253757711444,22.45987760004485,377.5500939900249,275.4420749827258,997.2459773880597,3.9093370564400995,0.0,0.0,688.4303584577115,275.6917314376056,1075.86952960199,0.15865921538874242,1115.6056383084576,0.027852483247739514,13.95668803358209,0.05767179993127022,11.482898745024876,0.10644650591075679,13.95668803358209,0.05767179993127022,9.782761282338306,0.11083061182057485,404.12772042288555,4.780544198819043,365.68533962686564,2.340621438767824,13.959877422693266,0.056723845720827774,13.28589186658354,0.06597089736400077,13.95986876433915,0.05672062758982584,421.240023042394,3.562816315852773,470.9377428179551,4.58506900904897,13.229605920199502,0.0637528755745269
2025-07-22 12:51:00,568.0,97.0,C104305,Line-2--6,348.0,678.0,1.193661971830986,18.5,0.25,0.81,0.227,0.011,0.022,0.385,222.9511224875622,287.8418877153713,19.990175,457.10736177057356,172.72646024563176,19.940175,1027.9253757711444,22.45987760004485,377.5500939900249,275.4420749827258,997.2459773880597,3.9093370564400995,0.0,0.0,688.4303584577115,275.6917314376056,1075.86952960199,0.15865921538874242,1115.6056383084576,0.027852483247739514,13.95668803358209,0.05767179993127022,11.482898745024876,0.10644650591075679,13.95668803358209,0.05767179993127022,9.782761282338306,0.11083061182057485,404.12772042288555,4.780544198819043,365.68533962686564,2.340621438767824,13.959877422693266,0.056723845720827774,13.28589186658354,0.06597089736400077,13.95986876433915,0.05672062758982584,421.240023042394,3.562816315852773,470.9377428179551,4.58506900904897,13.229605920199502,0.0637528755745269
2025-07-22 16:18:00,580.0,99.0,C104305,Line-2--2,179.0,686.0,1.1827586206896552,22.000000000000004,0.25,0.93,0.203,0.024,0.019,0.405,199.7207330729167,279.0963373122839,19.171297,441.711907734375,168.87498489390023,19.171297,700.0,0.0,350.1332263229167,278.1047856904918,992.9890407552084,4.218396773477245,0.0,0.0,462.16278184895833,72.8096944314943,1093.1611895833332,0.3520224434986219,1106.1260380208332,0.16447583746371863,14.032373358072917,0.05566122954178409,11.521629269531251,0.10540022382023057,14.032373358072917,0.05566122954178409,9.779390570312499,0.11153371119662739,405.5040565625,4.37345936743869,366.70408679687506,2.6957900056893944,14.034523816406251,0.05589074222870448,13.361147048177083,0.06662898911771203,14.034523816406251,0.05589074222870448,423.89122833333334,2.824082370597187,469.98962127604176,5.611977956855966,13.29958858203125,0.06849915438154974
2025-07-22 16:18:00,580.0,100.0,C104305,Line-2--4,179.0,688.0,1.186206896551724,19.0,0.24,0.95,0.196,0.022,0.016,0.3983333333333333,199.7207330729167,279.0963373122839,19.171297,441.711907734375,168.87498489390023,19.171297,700.0,0.0,350.1332263229167,278.1047856904918,992.9890407552084,4.218396773477245,0.0,0.0,462.16278184895833,72.8096944314943,1093.1611895833332,0.3520224434986219,1106.1260380208332,0.16447583746371863,14.032373358072917,0.05566122954178409,11.521629269531251,0.10540022382023057,14.032373358072917,0.05566122954178409,9.779390570312499,0.11153371119662739,405.5040565625,4.37345936743869,366.70408679687506,2.6957900056893944,14.034523816406251,0.05589074222870448,13.361147048177083,0.06662898911771203,14.034523816406251,0.05589074222870448,423.89122833333334,2.824082370597187,469.98962127604176,5.611977956855966,13.29958858203125,0.06849915438154974
2025-07-22 16:18:00,549.0,101.0,C104305,Line-1--1,179.0,656.0,1.1948998178506376,19.0,0.24,0.92,0.2,0.023,0.019,0.3933333333333333,199.7207330729167,279.0963373122839,19.171297,441.711907734375,168.87498489390023,19.171297,700.0,0.0,350.1332263229167,278.1047856904918,992.9890407552084,4.218396773477245,0.0,0.0,462.16278184895833,72.8096944314943,1093.1611895833332,0.3520224434986219,1106.1260380208332,0.16447583746371863,14.032373358072917,0.05566122954178409,11.521629269531251,0.10540022382023057,14.032373358072917,0.05566122954178409,9.779390570312499,0.11153371119662739,405.5040565625,4.37345936743869,366.70408679687506,2.6957900056893944,14.034523816406251,0.05589074222870448,13.361147048177083,0.06662898911771203,14.034523816406251,0.05589074222870448,423.89122833333334,2.824082370597187,469.98962127604176,5.611977956855966,13.29958858203125,0.06849915438154974
2025-07-22 16:18:00,559.0,102.0,C104305,Line-1-3,179.0,665.0,1.1896243291592128,20.5,0.24,0.94,0.202,0.023,0.019,0.3966666666666666,199.7207330729167,279.0963373122839,19.171297,441.711907734375,168.87498489390023,19.171297,700.0,0.0,350.1332263229167,278.1047856904918,992.9890407552084,4.218396773477245,0.0,0.0,462.16278184895833,72.8096944314943,1093.1611895833332,0.3520224434986219,1106.1260380208332,0.16447583746371863,14.032373358072917,0.05566122954178409,11.521629269531251,0.10540022382023057,14.032373358072917,0.05566122954178409,9.779390570312499,0.11153371119662739,405.5040565625,4.37345936743869,366.70408679687506,2.6957900056893944,14.034523816406251,0.05589074222870448,13.361147048177083,0.06662898911771203,14.034523816406251,0.05589074222870448,423.89122833333334,2.824082370597187,469.98962127604176,5.611977956855966,13.29958858203125,0.06849915438154974
2025-07-22 16:25:00,553.0,104.0,C104305,Line-1--3,180.0,659.0,1.1916817359855334,18.75,0.24,0.93,0.204,0.008,0.012,0.395,0.0,0.0,8.25,261.997886969697,14.157895631332595,8.2,1052.4140873493975,16.990045696534306,68.50394424242424,119.98072417542431,996.6568053012048,2.6965039490261336,0.0,0.0,448.66703831325304,0.0012895621237432027,1099.844734337349,0.21619084041755035,1113.3869265060239,0.24159445387187253,14.002193918674699,0.07590153134200599,11.452469578313254,0.13637652192169114,14.002193918674699,0.07590153134200599,9.705545704819276,0.13303707523418748,409.7045948795181,4.923696531013547,369.58707295180716,2.8102558040480594,14.006756542424238,0.07479787170239911,13.318721321212125,0.08672166332388612,14.006756542424238,0.07479787170239911,428.53825030303034,4.301190857396135,477.6556182424242,4.501339386361133,13.26192827878788,0.08243689572840808
2025-07-22 16:25:00,551.0,103.0,C104305,Line-1--1,180.0,657.0,1.1923774954627948,16.375,0.24,0.91,0.197,0.018,0.014,0.3916666666666666,0.0,0.0,8.25,261.997886969697,14.157895631332595,8.2,1052.4140873493975,16.990045696534306,68.50394424242424,119.98072417542431,996.6568053012048,2.6965039490261336,0.0,0.0,448.66703831325304,0.0012895621237432027,1099.844734337349,0.21619084041755035,1113.3869265060239,0.24159445387187253,14.002193918674699,0.07590153134200599,11.452469578313254,0.13637652192169114,14.002193918674699,0.07590153134200599,9.705545704819276,0.13303707523418748,409.7045948795181,4.923696531013547,369.58707295180716,2.8102558040480594,14.006756542424238,0.07479787170239911,13.318721321212125,0.08672166332388612,14.006756542424238,0.07479787170239911,428.53825030303034,4.301190857396135,477.6556182424242,4.501339386361133,13.26192827878788,0.08243689572840808
2025-07-22 16:25:00,540.0,105.0,C104305,Line-2--6,180.0,646.0,1.1962962962962962,23.625,0.24,0.91,0.199,0.012,0.012,0.3916666666666666,0.0,0.0,8.25,261.997886969697,14.157895631332595,8.2,1052.4140873493975,16.990045696534306,68.50394424242424,119.98072417542431,996.6568053012048,2.6965039490261336,0.0,0.0,448.66703831325304,0.0012895621237432027,1099.844734337349,0.21619084041755035,1113.3869265060239,0.24159445387187253,14.002193918674699,0.07590153134200599,11.452469578313254,0.13637652192169114,14.002193918674699,0.07590153134200599,9.705545704819276,0.13303707523418748,409.7045948795181,4.923696531013547,369.58707295180716,2.8102558040480594,14.006756542424238,0.07479787170239911,13.318721321212125,0.08672166332388612,14.006756542424238,0.07479787170239911,428.53825030303034,4.301190857396135,477.6556182424242,4.501339386361133,13.26192827878788,0.08243689572840808
2025-07-22 16:25:00,542.0,106.0,C104305,Line-2--8,180.0,650.0,1.1992619926199262,24.500000000000004,0.23,0.9,0.195,0.016,0.012,0.38,0.0,0.0,8.25,261.997886969697,14.157895631332595,8.2,1052.4140873493975,16.990045696534306,68.50394424242424,119.98072417542431,996.6568053012048,2.6965039490261336,0.0,0.0,448.66703831325304,0.0012895621237432027,1099.844734337349,0.21619084041755035,1113.3869265060239,0.24159445387187253,14.002193918674699,0.07590153134200599,11.452469578313254,0.13637652192169114,14.002193918674699,0.07590153134200599,9.705545704819276,0.13303707523418748,409.7045948795181,4.923696531013547,369.58707295180716,2.8102558040480594,14.006756542424238,0.07479787170239911,13.318721321212125,0.08672166332388612,14.006756542424238,0.07479787170239911,428.53825030303034,4.301190857396135,477.6556182424242,4.501339386361133,13.26192827878788,0.08243689572840808
2025-07-23 13:03:00,564.0,115.0,C104446,Line-2--2,552.0,676.0,1.198581560283688,23.0,0.25,0.84,0.21,0.024,0.013,0.39,174.8611834767025,266.29775617499894,13.9,370.149419208633,157.51959642339745,13.85,1004.4198283154124,27.21797974541146,195.55085507194244,279.4358397825309,1007.4270250896058,3.6300976880303195,0.0,0.0,458.04812544802866,31.373457549165256,1127.273435125448,0.31415731118632556,1140.0777286738348,0.37468003486626095,13.900974768817203,0.05917022735939093,11.624520349462365,0.10530945167013062,13.900974768817203,0.05917022735939093,10.121579853046596,0.11005948134114873,409.3269558781362,4.9332823988886725,373.9890186379929,2.882829492875547,13.904539651079137,0.05664510310455966,13.176540426258992,0.0654854339728521,13.904539651079137,0.05664510310455966,417.0960764028777,3.1817188072097675,475.32625208633095,2.676325947821633,12.895358526978416,0.07035184158462766
2025-07-23 13:03:00,573.0,116.0,C104446,Line-2--4,552.0,686.0,1.1972076788830714,19.75,0.25,0.84,0.208,0.024,0.012,0.39,174.8611834767025,266.29775617499894,13.9,370.149419208633,157.51959642339745,13.85,1004.4198283154124,27.21797974541146,195.55085507194244,279.4358397825309,1007.4270250896058,3.6300976880303195,0.0,0.0,458.04812544802866,31.373457549165256,1127.273435125448,0.31415731118632556,1140.0777286738348,0.37468003486626095,13.900974768817203,0.05917022735939093,11.624520349462365,0.10530945167013062,13.900974768817203,0.05917022735939093,10.121579853046596,0.11005948134114873,409.3269558781362,4.9332823988886725,373.9890186379929,2.882829492875547,13.904539651079137,0.05664510310455966,13.176540426258992,0.0654854339728521,13.904539651079137,0.05664510310455966,417.0960764028777,3.1817188072097675,475.32625208633095,2.676325947821633,12.895358526978416,0.07035184158462766
2025-07-23 13:03:00,569.0,117.0,C104446,Line-1--1,552.0,684.0,1.202108963093146,16.499999999999996,0.24,0.86,0.204,0.024,0.01,0.3833333333333333,174.8611834767025,266.29775617499894,13.9,370.149419208633,157.51959642339745,13.85,1004.4198283154124,27.21797974541146,195.55085507194244,279.4358397825309,1007.4270250896058,3.6300976880303195,0.0,0.0,458.04812544802866,31.373457549165256,1127.273435125448,0.31415731118632556,1140.0777286738348,0.37468003486626095,13.900974768817203,0.05917022735939093,11.624520349462365,0.10530945167013062,13.900974768817203,0.05917022735939093,10.121579853046596,0.11005948134114873,409.3269558781362,4.9332823988886725,373.9890186379929,2.882829492875547,13.904539651079137,0.05664510310455966,13.176540426258992,0.0654854339728521,13.904539651079137,0.05664510310455966,417.0960764028777,3.1817188072097675,475.32625208633095,2.676325947821633,12.895358526978416,0.07035184158462766
2025-07-23 13:03:00,592.0,118.0,C104446,Line-1-3,552.0,697.0,1.177364864864865,15.0,0.25,0.83,0.208,0.024,0.012,0.3883333333333333,174.8611834767025,266.29775617499894,13.9,370.149419208633,157.51959642339745,13.85,1004.4198283154124,27.21797974541146,195.55085507194244,279.4358397825309,1007.4270250896058,3.6300976880303195,0.0,0.0,458.04812544802866,31.373457549165256,1127.273435125448,0.31415731118632556,1140.0777286738348,0.37468003486626095,13.900974768817203,0.05917022735939093,11.624520349462365,0.10530945167013062,13.900974768817203,0.05917022735939093,10.121579853046596,0.11005948134114873,409.3269558781362,4.9332823988886725,373.9890186379929,2.882829492875547,13.904539651079137,0.05664510310455966,13.176540426258992,0.0654854339728521,13.904539651079137,0.05664510310455966,417.0960764028777,3.1817188072097675,475.32625208633095,2.676325947821633,12.895358526978416,0.07035184158462766
2025-07-23 14:38:00,549.0,122.0,C104448,Line-1-3,57.0,652.0,1.1876138433515482,20.375,0.23,0.89,0.194,0.015,0.011,0.3783333333333333,202.67053084210528,273.04255683101303,27.670618,381.7710034727273,155.92255606208323,27.620618,942.8484143012704,121.76680469919643,214.0414724,281.8908835631889,964.8384086751361,2.7513994149187986,0.0,0.0,716.2654691288566,281.2137952491757,1090.5383745916515,0.18954000472089277,1100.469627404719,0.08889160606849923,13.982959833030852,0.04253422964038681,11.715266600725952,0.07546298393291492,13.982959833030852,0.04253422964038681,10.222089778584392,0.08855086674169507,408.9857777313975,4.160374597324327,372.89717671506355,2.292658478694411,13.986286397272726,0.041477172610676585,13.257128885454545,0.04754624952819358,13.986286397272726,0.041477172610676585,417.16839892727273,2.9459169700339785,474.7299126,2.947359914292716,12.97564265,0.05026202575112086
2025-07-23 14:38:00,543.0,119.0,C104448,Line-2--2,57.0,651.0,1.198895027624309,24.25,0.24,0.89,0.197,0.015,0.011,0.3883333333333333,202.67053084210528,273.04255683101303,27.670618,381.7710034727273,155.92255606208323,27.620618,942.8484143012704,121.76680469919643,214.0414724,281.8908835631889,964.8384086751361,2.7513994149187986,0.0,0.0,716.2654691288566,281.2137952491757,1090.5383745916515,0.18954000472089277,1100.469627404719,0.08889160606849923,13.982959833030852,0.04253422964038681,11.715266600725952,0.07546298393291492,13.982959833030852,0.04253422964038681,10.222089778584392,0.08855086674169507,408.9857777313975,4.160374597324327,372.89717671506355,2.292658478694411,13.986286397272726,0.041477172610676585,13.257128885454545,0.04754624952819358,13.986286397272726,0.041477172610676585,417.16839892727273,2.9459169700339785,474.7299126,2.947359914292716,12.97564265,0.05026202575112086
2025-07-23 14:38:00,545.0,120.0,C104448,Line-2--4,57.0,649.0,1.1908256880733945,22.875,0.24,0.89,0.198,0.015,0.012,0.3883333333333333,202.67053084210528,273.04255683101303,27.670618,381.7710034727273,155.92255606208323,27.620618,942.8484143012704,121.76680469919643,214.0414724,281.8908835631889,964.8384086751361,2.7513994149187986,0.0,0.0,716.2654691288566,281.2137952491757,1090.5383745916515,0.18954000472089277,1100.469627404719,0.08889160606849923,13.982959833030852,0.04253422964038681,11.715266600725952,0.07546298393291492,13.982959833030852,0.04253422964038681,10.222089778584392,0.08855086674169507,408.9857777313975,4.160374597324327,372.89717671506355,2.292658478694411,13.986286397272726,0.041477172610676585,13.257128885454545,0.04754624952819358,13.986286397272726,0.041477172610676585,417.16839892727273,2.9459169700339785,474.7299126,2.947359914292716,12.97564265,0.05026202575112086
2025-07-23 14:38:00,542.0,121.0,C104448,Line-1--1,57.0,646.0,1.1918819188191885,20.0,0.23,0.88,0.192,0.015,0.011,0.3766666666666667,202.67053084210528,273.04255683101303,27.670618,381.7710034727273,155.92255606208323,27.620618,942.8484143012704,121.76680469919643,214.0414724,281.8908835631889,964.8384086751361,2.7513994149187986,0.0,0.0,716.2654691288566,281.2137952491757,1090.5383745916515,0.18954000472089277,1100.469627404719,0.08889160606849923,13.982959833030852,0.04253422964038681,11.715266600725952,0.07546298393291492,13.982959833030852,0.04253422964038681,10.222089778584392,0.08855086674169507,408.9857777313975,4.160374597324327,372.89717671506355,2.292658478694411,13.986286397272726,0.041477172610676585,13.257128885454545,0.04754624952819358,13.986286397272726,0.041477172610676585,417.16839892727273,2.9459169700339785,474.7299126,2.947359914292716,12.97564265,0.05026202575112086
2025-07-23 14:44:00,553.0,124.0,C104448,Line-1--3,58.0,652.0,1.1790235081374325,19.375,0.23,0.87,0.189,0.016,0.011,0.375,223.49734296509862,279.49349678513204,32.785975,395.43416605143716,159.07429794031776,32.885975,905.5673431259484,148.6997785285974,238.08712124054466,287.417228494218,893.8156393323216,205.3005662821126,0.0,0.0,678.5286826403642,271.56503808732515,1089.7634517450683,0.2626091340239433,1097.8265203338392,0.18239060129295057,13.961097325493173,0.04158125347612542,11.698845147192717,0.07796290354225008,13.961097325493173,0.04158125347612542,10.210036034142641,0.08287781403730309,409.1243551896813,3.5727114261722286,372.16108878603944,2.841058618376987,13.963925206505294,0.04065455162162524,13.238879508320725,0.04671203925199424,13.963925206505294,0.04065455162162524,417.135554311649,2.692230138884582,472.9614232072617,3.558330077192451,12.948094583207261,0.052835967261420355
2025-07-23 14:44:00,543.0,125.0,C104448,Line-2--6,58.0,652.0,1.2007366482504604,22.5,0.24,0.88,0.194,0.018,0.014,0.3866666666666666,223.49734296509862,279.49349678513204,32.785975,395.43416605143716,159.07429794031776,32.885975,905.5673431259484,148.6997785285974,238.08712124054466,287.417228494218,893.8156393323216,205.3005662821126,0.0,0.0,678.5286826403642,271.56503808732515,1089.7634517450683,0.2626091340239433,1097.8265203338392,0.18239060129295057,13.961097325493173,0.04158125347612542,11.698845147192717,0.07796290354225008,13.961097325493173,0.04158125347612542,10.210036034142641,0.08287781403730309,409.1243551896813,3.5727114261722286,372.16108878603944,2.841058618376987,13.963925206505294,0.04065455162162524,13.238879508320725,0.04671203925199424,13.963925206505294,0.04065455162162524,417.135554311649,2.692230138884582,472.9614232072617,3.558330077192451,12.948094583207261,0.052835967261420355
2025-07-23 14:44:00,541.0,123.0,C104448,Line-1--1,58.0,642.0,1.1866913123844731,20.625,0.24,0.89,0.197,0.015,0.012,0.3883333333333333,223.49734296509862,279.49349678513204,32.785975,395.43416605143716,159.07429794031776,32.885975,905.5673431259484,148.6997785285974,238.08712124054466,287.417228494218,893.8156393323216,205.3005662821126,0.0,0.0,678.5286826403642,271.56503808732515,1089.7634517450683,0.2626091340239433,1097.8265203338392,0.18239060129295057,13.961097325493173,0.04158125347612542,11.698845147192717,0.07796290354225008,13.961097325493173,0.04158125347612542,10.210036034142641,0.08287781403730309,409.1243551896813,3.5727114261722286,372.16108878603944,2.841058618376987,13.963925206505294,0.04065455162162524,13.238879508320725,0.04671203925199424,13.963925206505294,0.04065455162162524,417.135554311649,2.692230138884582,472.9614232072617,3.558330077192451,12.948094583207261,0.052835967261420355
2025-07-23 14:44:00,561.0,126.0,C104448,Line-2--8,58.0,664.0,1.1836007130124775,21.125,0.24,0.88,0.194,0.019,0.015,0.3866666666666666,223.49734296509862,279.49349678513204,32.785975,395.43416605143716,159.07429794031776,32.885975,905.5673431259484,148.6997785285974,238.08712124054466,287.417228494218,893.8156393323216,205.3005662821126,0.0,0.0,678.5286826403642,271.56503808732515,1089.7634517450683,0.2626091340239433,1097.8265203338392,0.18239060129295057,13.961097325493173,0.04158125347612542,11.698845147192717,0.07796290354225008,13.961097325493173,0.04158125347612542,10.210036034142641,0.08287781403730309,409.1243551896813,3.5727114261722286,372.16108878603944,2.841058618376987,13.963925206505294,0.04065455162162524,13.238879508320725,0.04671203925199424,13.963925206505294,0.04065455162162524,417.135554311649,2.692230138884582,472.9614232072617,3.558330077192451,12.948094583207261,0.052835967261420355
